{
	"parent": "item/handheld",
	"textures": {
		"layer0": "item/carrot_on_a_stick"
	},
	
	"overrides": [
		{"predicate": {"custom_model_data":1}, "model": "item/carrot_on_a_stick/fishato_on_a_stick"},
		{"predicate": {"custom_model_data":2}, "model": "item/carrot_on_a_stick/timeclock"},
		{"predicate": {"custom_model_data":3}, "model": "item/carrot_on_a_stick/shadow_deconvert"},
		{"predicate": {"custom_model_data":4}, "model": "item/carrot_on_a_stick/xp_convert"},
		{"predicate": {"custom_model_data":5}, "model": "item/carrot_on_a_stick/lesser_firewand"}
	]
}