{
	"parent": "item/handheld",
	"textures": {
		"layer0": "item/golden_sword"
	},
	
	"overrides": [
		{"predicate": {"custom_model_data":1}, "model": "item/golden_sword/copper_sword"},
		{"predicate": {"custom_model_data":2}, "model": "item/golden_sword/exposed_copper_sword"},
		{"predicate": {"custom_model_data":3}, "model": "item/golden_sword/weathered_copper_sword"},
		{"predicate": {"custom_model_data":4}, "model": "item/golden_sword/oxidized_copper_sword"},
		{"predicate": {"custom_model_data":5}, "model": "item/golden_sword/amethyst_sword"}
	]
}