{
	"credit": "Made with Blockbench",
	"texture_size": [1024, 1024],
	"textures": {
		"0": "custom:item/tango_plushie",
		"particle": "custom:item/tango_plushie"	
	},
	"elements": [
		{
			"from": [4, 8, 4],
			"to": [12, 16, 12],
			"rotation": {"angle": 0, "axis": "y", "origin": [8, 0, 7]},
			"faces": {
				"north": {"uv": [0, 4.5, 2, 6.5], "texture": "#0"},
				"east": {"uv": [4.5, 0, 6.5, 2], "texture": "#0"},
				"south": {"uv": [2, 4.5, 4, 6.5], "texture": "#0"},
				"west": {"uv": [4.5, 2, 6.5, 4], "texture": "#0"},
				"up": {"uv": [6, 6.5, 4, 4.5], "texture": "#0"},
				"down": {"uv": [8, 4, 6, 6], "texture": "#0"}
			}
		},
		{
			"from": [12, 7.8, 9],
			"to": [12.2, 9, 12],
			"rotation": {"angle": 0, "axis": "y", "origin": [8, 0, 7]},
			"faces": {
				"north": {"uv": [1.5, 9.75, 1.54688, 10.04688], "texture": "#0"},
				"east": {"uv": [1.25, 8, 2, 8.29688], "texture": "#0"},
				"south": {"uv": [9.75, 1.75, 9.79688, 2.04688], "texture": "#0"},
				"west": {"uv": [8, 4, 8.75, 4.29688], "texture": "#0"},
				"up": {"uv": [8.79688, 7.5, 8.75, 6.75], "texture": "#0"},
				"down": {"uv": [8.79688, 8.25, 8.75, 9], "texture": "#0"}
			}
		},
		{
			"from": [12, 9, 8],
			"to": [12.2, 12, 12],
			"rotation": {"angle": 0, "axis": "y", "origin": [8, 0, 7]},
			"faces": {
				"north": {"uv": [8.5, 8.75, 8.54688, 9.5], "texture": "#0"},
				"east": {"uv": [6, 6.75, 7, 7.5], "texture": "#0"},
				"south": {"uv": [0.5, 9, 0.54688, 9.75], "texture": "#0"},
				"west": {"uv": [7, 6.75, 8, 7.5], "texture": "#0"},
				"up": {"uv": [8.79688, 5, 8.75, 4], "texture": "#0"},
				"down": {"uv": [8.79688, 5, 8.75, 6], "texture": "#0"}
			}
		},
		{
			"from": [12, 12, 7],
			"to": [12.2, 13, 12],
			"rotation": {"angle": 0, "axis": "y", "origin": [8, 0, 7]},
			"faces": {
				"north": {"uv": [1, 10, 1.04688, 10.25], "texture": "#0"},
				"east": {"uv": [4.5, 4, 5.75, 4.25], "texture": "#0"},
				"south": {"uv": [1.25, 10, 1.29688, 10.25], "texture": "#0"},
				"west": {"uv": [4.5, 4.25, 5.75, 4.5], "texture": "#0"},
				"up": {"uv": [1.79688, 10, 1.75, 8.75], "texture": "#0"},
				"down": {"uv": [2.04688, 8.75, 2, 10], "texture": "#0"}
			}
		},
		{
			"from": [12, 13, 4],
			"to": [12.2, 16, 12],
			"rotation": {"angle": 0, "axis": "y", "origin": [8, 0, 7]},
			"faces": {
				"north": {"uv": [0.75, 9, 0.79688, 9.75], "texture": "#0"},
				"east": {"uv": [6, 6, 8, 6.75], "texture": "#0"},
				"south": {"uv": [1, 9, 1.04688, 9.75], "texture": "#0"},
				"west": {"uv": [0, 6.5, 2, 7.25], "texture": "#0"},
				"up": {"uv": [3.54688, 10.5, 3.5, 8.5], "texture": "#0"},
				"down": {"uv": [3.79688, 8.5, 3.75, 10.5], "texture": "#0"}
			}
		},
		{
			"from": [3.8, 7.8, 9],
			"to": [4, 9, 12],
			"rotation": {"angle": 0, "axis": "y", "origin": [8, 0, 7]},
			"faces": {
				"north": {"uv": [9.75, 2.25, 9.79688, 2.54688], "texture": "#0"},
				"east": {"uv": [8, 4.5, 8.75, 4.79688], "texture": "#0"},
				"south": {"uv": [2.75, 9.75, 2.79688, 10.04688], "texture": "#0"},
				"west": {"uv": [8, 5, 8.75, 5.29688], "texture": "#0"},
				"up": {"uv": [1.29688, 9.75, 1.25, 9], "texture": "#0"},
				"down": {"uv": [9.04688, 1.25, 9, 2], "texture": "#0"}
			}
		},
		{
			"from": [3.8, 9, 8],
			"to": [4, 12, 12],
			"rotation": {"angle": 0, "axis": "y", "origin": [8, 0, 7]},
			"faces": {
				"north": {"uv": [1.5, 9, 1.54688, 9.75], "texture": "#0"},
				"east": {"uv": [0, 7.25, 1, 8], "texture": "#0"},
				"south": {"uv": [9, 2, 9.04688, 2.75], "texture": "#0"},
				"west": {"uv": [1, 7.25, 2, 8], "texture": "#0"},
				"up": {"uv": [5.54688, 9.75, 5.5, 8.75], "texture": "#0"},
				"down": {"uv": [5.79688, 8.75, 5.75, 9.75], "texture": "#0"}
			}
		},
		{
			"from": [3.8, 12, 7],
			"to": [4, 13, 12],
			"rotation": {"angle": 0, "axis": "y", "origin": [8, 0, 7]},
			"faces": {
				"north": {"uv": [1.75, 10, 1.79688, 10.25], "texture": "#0"},
				"east": {"uv": [7, 7.75, 8.25, 8], "texture": "#0"},
				"south": {"uv": [10, 1.75, 10.04688, 2], "texture": "#0"},
				"west": {"uv": [0, 8, 1.25, 8.25], "texture": "#0"},
				"up": {"uv": [2.29688, 10, 2.25, 8.75], "texture": "#0"},
				"down": {"uv": [2.54688, 8.75, 2.5, 10], "texture": "#0"}
			}
		},
		{
			"from": [3.8, 13, 4],
			"to": [4, 16, 12],
			"rotation": {"angle": 0, "axis": "y", "origin": [8, 0, 7]},
			"faces": {
				"north": {"uv": [2.75, 9, 2.79688, 9.75], "texture": "#0"},
				"east": {"uv": [6.5, 0, 8.5, 0.75], "texture": "#0"},
				"south": {"uv": [9, 2.75, 9.04688, 3.5], "texture": "#0"},
				"west": {"uv": [6.5, 0.75, 8.5, 1.5], "texture": "#0"},
				"up": {"uv": [4.04688, 10.5, 4, 8.5], "texture": "#0"},
				"down": {"uv": [4.29688, 8.5, 4.25, 10.5], "texture": "#0"}
			}
		},
		{
			"from": [3.8, 15, 3.8],
			"to": [12.2, 16, 4],
			"rotation": {"angle": 0, "axis": "y", "origin": [8, 0, 7]},
			"faces": {
				"north": {"uv": [6.5, 3.75, 8.59375, 4], "texture": "#0"},
				"east": {"uv": [2, 10, 2.04688, 10.25], "texture": "#0"},
				"south": {"uv": [7, 7.5, 9.09375, 7.75], "texture": "#0"},
				"west": {"uv": [10, 2, 10.04688, 2.25], "texture": "#0"},
				"up": {"uv": [8.34375, 8.29688, 6.25, 8.25], "texture": "#0"},
				"down": {"uv": [10.34375, 7.75, 8.25, 7.79688], "texture": "#0"}
			}
		},
		{
			"from": [10.1, 14, 3.8],
			"to": [12.2, 15, 4],
			"rotation": {"angle": 0, "axis": "y", "origin": [8, 0, 7]},
			"faces": {
				"north": {"uv": [8, 7, 8.53125, 7.25], "texture": "#0"},
				"east": {"uv": [2.25, 10, 2.29688, 10.25], "texture": "#0"},
				"south": {"uv": [8, 7.25, 8.53125, 7.5], "texture": "#0"},
				"west": {"uv": [10, 2.25, 10.04688, 2.5], "texture": "#0"},
				"up": {"uv": [6.78125, 9.04688, 6.25, 9], "texture": "#0"},
				"down": {"uv": [9.53125, 6.75, 9, 6.79688], "texture": "#0"}
			}
		},
		{
			"from": [3.8, 14, 3.8],
			"to": [5.9, 15, 4],
			"rotation": {"angle": 0, "axis": "y", "origin": [8, 0, 7]},
			"faces": {
				"north": {"uv": [7.75, 8, 8.28125, 8.25], "texture": "#0"},
				"east": {"uv": [2.5, 10, 2.54688, 10.25], "texture": "#0"},
				"south": {"uv": [0, 8.25, 0.53125, 8.5], "texture": "#0"},
				"west": {"uv": [10, 2.5, 10.04688, 2.75], "texture": "#0"},
				"up": {"uv": [7.53125, 9.04688, 7, 9], "texture": "#0"},
				"down": {"uv": [9.53125, 7, 9, 7.04688], "texture": "#0"}
			}
		},
		{
			"from": [3.8, 13, 3.8],
			"to": [4.9, 14, 4],
			"rotation": {"angle": 0, "axis": "y", "origin": [8, 0, 7]},
			"faces": {
				"north": {"uv": [6.75, 8.5, 7.03125, 8.75], "texture": "#0"},
				"east": {"uv": [3, 10, 3.04688, 10.25], "texture": "#0"},
				"south": {"uv": [7.25, 8.5, 7.53125, 8.75], "texture": "#0"},
				"west": {"uv": [3.25, 10, 3.29688, 10.25], "texture": "#0"},
				"up": {"uv": [10.03125, 2.79688, 9.75, 2.75], "texture": "#0"},
				"down": {"uv": [3.28125, 9.75, 3, 9.79688], "texture": "#0"}
			}
		},
		{
			"from": [11.1, 13, 3.8],
			"to": [12.2, 14, 4],
			"rotation": {"angle": 0, "axis": "y", "origin": [8, 0, 7]},
			"faces": {
				"north": {"uv": [7.75, 8.5, 8.03125, 8.75], "texture": "#0"},
				"east": {"uv": [4.5, 10, 4.54688, 10.25], "texture": "#0"},
				"south": {"uv": [8.5, 8, 8.78125, 8.25], "texture": "#0"},
				"west": {"uv": [4.75, 10, 4.79688, 10.25], "texture": "#0"},
				"up": {"uv": [10.03125, 3.04688, 9.75, 3], "texture": "#0"},
				"down": {"uv": [10.03125, 3.25, 9.75, 3.29688], "texture": "#0"}
			}
		},
		{
			"from": [3.8, 16, 3.8],
			"to": [12.2, 16.2, 12.2],
			"rotation": {"angle": 0, "axis": "y", "origin": [8, 0, 7]},
			"faces": {
				"north": {"uv": [8.5, 0, 10.59375, 0.04688], "texture": "#0"},
				"east": {"uv": [8.5, 0.25, 10.59375, 0.29688], "texture": "#0"},
				"south": {"uv": [8.5, 0.5, 10.59375, 0.54688], "texture": "#0"},
				"west": {"uv": [8.5, 0.75, 10.59375, 0.79688], "texture": "#0"},
				"up": {"uv": [2.09375, 2.09375, 0, 0], "texture": "#0"},
				"down": {"uv": [2.09375, 2.25, 0, 4.34375], "texture": "#0"}
			}
		},
		{
			"from": [3.8, 7.8, 12],
			"to": [12.2, 16.2, 12.2],
			"rotation": {"angle": 0, "axis": "y", "origin": [8, 0, 7]},
			"faces": {
				"north": {"uv": [2.25, 0, 4.34375, 2.09375], "texture": "#0"},
				"east": {"uv": [0, 8.5, 0.04688, 10.59375], "texture": "#0"},
				"south": {"uv": [2.25, 2.25, 4.34375, 4.34375], "texture": "#0"},
				"west": {"uv": [0.25, 8.5, 0.29688, 10.59375], "texture": "#0"},
				"up": {"uv": [10.59375, 1.04688, 8.5, 1], "texture": "#0"},
				"down": {"uv": [3.34375, 8.5, 1.25, 8.54688], "texture": "#0"}
			}
		},
		{
			"from": [9.1, 13.1, 3.9],
			"to": [10.8, 13.3, 4],
			"rotation": {"angle": 0, "axis": "y", "origin": [8, 0, 7]},
			"faces": {
				"north": {"uv": [9.25, 3.75, 9.67188, 3.79688], "texture": "#0"},
				"east": {"uv": [10.75, 5, 10.78125, 5.04688], "texture": "#0"},
				"south": {"uv": [9.25, 4, 9.67188, 4.04688], "texture": "#0"},
				"west": {"uv": [5.25, 10.75, 5.28125, 10.79688], "texture": "#0"},
				"up": {"uv": [10.17188, 3.53125, 9.75, 3.5], "texture": "#0"},
				"down": {"uv": [10.17188, 3.75, 9.75, 3.78125], "texture": "#0"}
			}
		},
		{
			"from": [9.1, 13.3, 3.9],
			"to": [10.8, 13.4, 4],
			"rotation": {"angle": 0, "axis": "y", "origin": [8, 0, 7]},
			"faces": {
				"north": {"uv": [9.75, 4, 10.17188, 4.03125], "texture": "#0"},
				"east": {"uv": [3.75, 11, 3.78125, 11.03125], "texture": "#0"},
				"south": {"uv": [9.75, 4.25, 10.17188, 4.28125], "texture": "#0"},
				"west": {"uv": [11, 3.75, 11.03125, 3.78125], "texture": "#0"},
				"up": {"uv": [4.92188, 9.78125, 4.5, 9.75], "texture": "#0"},
				"down": {"uv": [10.17188, 4.5, 9.75, 4.53125], "texture": "#0"}
			}
		},
		{
			"from": [9.1, 13, 3.9],
			"to": [10.8, 13.1, 4],
			"rotation": {"angle": 0, "axis": "y", "origin": [8, 0, 7]},
			"faces": {
				"north": {"uv": [9.75, 4.75, 10.17188, 4.78125], "texture": "#0"},
				"east": {"uv": [4, 11, 4.03125, 11.03125], "texture": "#0"},
				"south": {"uv": [5, 9.75, 5.42188, 9.78125], "texture": "#0"},
				"west": {"uv": [11, 4, 11.03125, 4.03125], "texture": "#0"},
				"up": {"uv": [10.17188, 5.03125, 9.75, 5], "texture": "#0"},
				"down": {"uv": [10.17188, 5.25, 9.75, 5.28125], "texture": "#0"}
			}
		},
		{
			"from": [10.8, 13.1, 3.9],
			"to": [10.9, 13.3, 4],
			"rotation": {"angle": 0, "axis": "y", "origin": [8, 0, 7]},
			"faces": {
				"north": {"uv": [10.75, 5.25, 10.78125, 5.29688], "texture": "#0"},
				"east": {"uv": [5.5, 10.75, 5.53125, 10.79688], "texture": "#0"},
				"south": {"uv": [10.75, 5.5, 10.78125, 5.54688], "texture": "#0"},
				"west": {"uv": [5.75, 10.75, 5.78125, 10.79688], "texture": "#0"},
				"up": {"uv": [4.28125, 11.03125, 4.25, 11], "texture": "#0"},
				"down": {"uv": [11.03125, 4.25, 11, 4.28125], "texture": "#0"}
			}
		},
		{
			"from": [9, 13.1, 3.9],
			"to": [9.1, 13.3, 4],
			"rotation": {"angle": 0, "axis": "y", "origin": [8, 0, 7]},
			"faces": {
				"north": {"uv": [10.75, 5.75, 10.78125, 5.79688], "texture": "#0"},
				"east": {"uv": [6, 10.75, 6.03125, 10.79688], "texture": "#0"},
				"south": {"uv": [10.75, 6, 10.78125, 6.04688], "texture": "#0"},
				"west": {"uv": [6.25, 10.75, 6.28125, 10.79688], "texture": "#0"},
				"up": {"uv": [4.53125, 11.03125, 4.5, 11], "texture": "#0"},
				"down": {"uv": [11.03125, 4.5, 11, 4.53125], "texture": "#0"}
			}
		},
		{
			"from": [5.2, 13.1, 3.9],
			"to": [6.9, 13.3, 4],
			"rotation": {"angle": 0, "axis": "y", "origin": [8, 0, 7]},
			"faces": {
				"north": {"uv": [9.25, 4.25, 9.67188, 4.29688], "texture": "#0"},
				"east": {"uv": [10.75, 6.25, 10.78125, 6.29688], "texture": "#0"},
				"south": {"uv": [9.25, 4.5, 9.67188, 4.54688], "texture": "#0"},
				"west": {"uv": [6.5, 10.75, 6.53125, 10.79688], "texture": "#0"},
				"up": {"uv": [5.92188, 9.78125, 5.5, 9.75], "texture": "#0"},
				"down": {"uv": [10.17188, 5.5, 9.75, 5.53125], "texture": "#0"}
			}
		},
		{
			"from": [5.2, 13.3, 3.9],
			"to": [6.9, 13.4, 4],
			"rotation": {"angle": 0, "axis": "y", "origin": [8, 0, 7]},
			"faces": {
				"north": {"uv": [9.75, 5.75, 10.17188, 5.78125], "texture": "#0"},
				"east": {"uv": [4.75, 11, 4.78125, 11.03125], "texture": "#0"},
				"south": {"uv": [6, 9.75, 6.42188, 9.78125], "texture": "#0"},
				"west": {"uv": [11, 4.75, 11.03125, 4.78125], "texture": "#0"},
				"up": {"uv": [10.17188, 6.03125, 9.75, 6], "texture": "#0"},
				"down": {"uv": [10.17188, 6.25, 9.75, 6.28125], "texture": "#0"}
			}
		},
		{
			"from": [6.9, 13.1, 3.9],
			"to": [7, 13.3, 4],
			"rotation": {"angle": 0, "axis": "y", "origin": [8, 0, 7]},
			"faces": {
				"north": {"uv": [10.75, 6.5, 10.78125, 6.54688], "texture": "#0"},
				"east": {"uv": [6.75, 10.75, 6.78125, 10.79688], "texture": "#0"},
				"south": {"uv": [10.75, 6.75, 10.78125, 6.79688], "texture": "#0"},
				"west": {"uv": [7, 10.75, 7.03125, 10.79688], "texture": "#0"},
				"up": {"uv": [5.03125, 11.03125, 5, 11], "texture": "#0"},
				"down": {"uv": [11.03125, 5, 11, 5.03125], "texture": "#0"}
			}
		},
		{
			"from": [5.1, 13.1, 3.9],
			"to": [5.2, 13.3, 4],
			"rotation": {"angle": 0, "axis": "y", "origin": [8, 0, 7]},
			"faces": {
				"north": {"uv": [10.75, 7, 10.78125, 7.04688], "texture": "#0"},
				"east": {"uv": [7.25, 10.75, 7.28125, 10.79688], "texture": "#0"},
				"south": {"uv": [10.75, 7.25, 10.78125, 7.29688], "texture": "#0"},
				"west": {"uv": [7.5, 10.75, 7.53125, 10.79688], "texture": "#0"},
				"up": {"uv": [5.28125, 11.03125, 5.25, 11], "texture": "#0"},
				"down": {"uv": [11.03125, 5.25, 11, 5.28125], "texture": "#0"}
			}
		},
		{
			"from": [5.2, 13, 3.9],
			"to": [6.9, 13.1, 4],
			"rotation": {"angle": 0, "axis": "y", "origin": [8, 0, 7]},
			"faces": {
				"north": {"uv": [6.5, 9.75, 6.92188, 9.78125], "texture": "#0"},
				"east": {"uv": [5.5, 11, 5.53125, 11.03125], "texture": "#0"},
				"south": {"uv": [9.75, 6.5, 10.17188, 6.53125], "texture": "#0"},
				"west": {"uv": [11, 5.5, 11.03125, 5.53125], "texture": "#0"},
				"up": {"uv": [10.17188, 6.78125, 9.75, 6.75], "texture": "#0"},
				"down": {"uv": [7.42188, 9.75, 7, 9.78125], "texture": "#0"}
			}
		},
		{
			"from": [4.3, 10.7, 3.9],
			"to": [7.5, 10.8, 4],
			"rotation": {"angle": 0, "axis": "y", "origin": [8, 0, 7]},
			"faces": {
				"north": {"uv": [9, 7.25, 9.79688, 7.28125], "texture": "#0"},
				"east": {"uv": [5.75, 11, 5.78125, 11.03125], "texture": "#0"},
				"south": {"uv": [9, 8, 9.79688, 8.03125], "texture": "#0"},
				"west": {"uv": [11, 5.75, 11.03125, 5.78125], "texture": "#0"},
				"up": {"uv": [9.79688, 8.28125, 9, 8.25], "texture": "#0"},
				"down": {"uv": [9.79688, 8.5, 9, 8.53125], "texture": "#0"}
			}
		},
		{
			"from": [6, 12, 3.9],
			"to": [7.1, 12.1, 4],
			"rotation": {"angle": 0, "axis": "y", "origin": [8, 0, 7]},
			"faces": {
				"north": {"uv": [2, 10.25, 2.28125, 10.28125], "texture": "#0"},
				"east": {"uv": [6, 11, 6.03125, 11.03125], "texture": "#0"},
				"south": {"uv": [10.25, 2, 10.53125, 2.03125], "texture": "#0"},
				"west": {"uv": [11, 6, 11.03125, 6.03125], "texture": "#0"},
				"up": {"uv": [10.53125, 2.28125, 10.25, 2.25], "texture": "#0"},
				"down": {"uv": [2.78125, 10.25, 2.5, 10.28125], "texture": "#0"}
			}
		},
		{
			"from": [7.4, 10.8, 3.9],
			"to": [7.5, 11.5, 4],
			"rotation": {"angle": 0, "axis": "y", "origin": [8, 0, 7]},
			"faces": {
				"north": {"uv": [5.75, 10.5, 5.78125, 10.67188], "texture": "#0"},
				"east": {"uv": [10.5, 5.75, 10.53125, 5.92188], "texture": "#0"},
				"south": {"uv": [6, 10.5, 6.03125, 10.67188], "texture": "#0"},
				"west": {"uv": [10.5, 6, 10.53125, 6.17188], "texture": "#0"},
				"up": {"uv": [6.28125, 11.03125, 6.25, 11], "texture": "#0"},
				"down": {"uv": [11.03125, 6.25, 11, 6.28125], "texture": "#0"}
			}
		},
		{
			"from": [4.3, 10.8, 3.9],
			"to": [4.4, 11.5, 4],
			"rotation": {"angle": 0, "axis": "y", "origin": [8, 0, 7]},
			"faces": {
				"north": {"uv": [6.25, 10.5, 6.28125, 10.67188], "texture": "#0"},
				"east": {"uv": [10.5, 6.25, 10.53125, 6.42188], "texture": "#0"},
				"south": {"uv": [6.5, 10.5, 6.53125, 10.67188], "texture": "#0"},
				"west": {"uv": [10.5, 6.5, 10.53125, 6.67188], "texture": "#0"},
				"up": {"uv": [6.53125, 11.03125, 6.5, 11], "texture": "#0"},
				"down": {"uv": [11.03125, 6.5, 11, 6.53125], "texture": "#0"}
			}
		},
		{
			"from": [7.3, 11.5, 3.9],
			"to": [7.4, 11.7, 4],
			"rotation": {"angle": 0, "axis": "y", "origin": [8, 0, 7]},
			"faces": {
				"north": {"uv": [10.75, 7.5, 10.78125, 7.54688], "texture": "#0"},
				"east": {"uv": [7.75, 10.75, 7.78125, 10.79688], "texture": "#0"},
				"south": {"uv": [10.75, 7.75, 10.78125, 7.79688], "texture": "#0"},
				"west": {"uv": [8, 10.75, 8.03125, 10.79688], "texture": "#0"},
				"up": {"uv": [6.78125, 11.03125, 6.75, 11], "texture": "#0"},
				"down": {"uv": [11.03125, 6.75, 11, 6.78125], "texture": "#0"}
			}
		},
		{
			"from": [4.4, 11.5, 3.9],
			"to": [4.5, 11.7, 4],
			"rotation": {"angle": 0, "axis": "y", "origin": [8, 0, 7]},
			"faces": {
				"north": {"uv": [10.75, 8, 10.78125, 8.04688], "texture": "#0"},
				"east": {"uv": [8.25, 10.75, 8.28125, 10.79688], "texture": "#0"},
				"south": {"uv": [10.75, 8.25, 10.78125, 8.29688], "texture": "#0"},
				"west": {"uv": [8.5, 10.75, 8.53125, 10.79688], "texture": "#0"},
				"up": {"uv": [7.03125, 11.03125, 7, 11], "texture": "#0"},
				"down": {"uv": [11.03125, 7, 11, 7.03125], "texture": "#0"}
			}
		},
		{
			"from": [7.2, 11.7, 3.9],
			"to": [7.3, 11.9, 4],
			"rotation": {"angle": 0, "axis": "y", "origin": [8, 0, 7]},
			"faces": {
				"north": {"uv": [10.75, 8.5, 10.78125, 8.54688], "texture": "#0"},
				"east": {"uv": [8.75, 10.75, 8.78125, 10.79688], "texture": "#0"},
				"south": {"uv": [10.75, 8.75, 10.78125, 8.79688], "texture": "#0"},
				"west": {"uv": [9, 10.75, 9.03125, 10.79688], "texture": "#0"},
				"up": {"uv": [7.28125, 11.03125, 7.25, 11], "texture": "#0"},
				"down": {"uv": [11.03125, 7.25, 11, 7.28125], "texture": "#0"}
			}
		},
		{
			"from": [4.5, 11.7, 3.9],
			"to": [4.6, 11.9, 4],
			"rotation": {"angle": 0, "axis": "y", "origin": [8, 0, 7]},
			"faces": {
				"north": {"uv": [10.75, 9, 10.78125, 9.04688], "texture": "#0"},
				"east": {"uv": [9.25, 10.75, 9.28125, 10.79688], "texture": "#0"},
				"south": {"uv": [10.75, 9.25, 10.78125, 9.29688], "texture": "#0"},
				"west": {"uv": [9.5, 10.75, 9.53125, 10.79688], "texture": "#0"},
				"up": {"uv": [7.53125, 11.03125, 7.5, 11], "texture": "#0"},
				"down": {"uv": [11.03125, 7.5, 11, 7.53125], "texture": "#0"}
			}
		},
		{
			"from": [7.1, 11.9, 3.9],
			"to": [7.2, 12, 4],
			"rotation": {"angle": 0, "axis": "y", "origin": [8, 0, 7]},
			"faces": {
				"north": {"uv": [7.75, 11, 7.78125, 11.03125], "texture": "#0"},
				"east": {"uv": [11, 7.75, 11.03125, 7.78125], "texture": "#0"},
				"south": {"uv": [8, 11, 8.03125, 11.03125], "texture": "#0"},
				"west": {"uv": [11, 8, 11.03125, 8.03125], "texture": "#0"},
				"up": {"uv": [8.28125, 11.03125, 8.25, 11], "texture": "#0"},
				"down": {"uv": [11.03125, 8.25, 11, 8.28125], "texture": "#0"}
			}
		},
		{
			"from": [6.9, 12.1, 3.9],
			"to": [7, 12.2, 4],
			"rotation": {"angle": 0, "axis": "y", "origin": [8, 0, 7]},
			"faces": {
				"north": {"uv": [8.5, 11, 8.53125, 11.03125], "texture": "#0"},
				"east": {"uv": [11, 8.5, 11.03125, 8.53125], "texture": "#0"},
				"south": {"uv": [8.75, 11, 8.78125, 11.03125], "texture": "#0"},
				"west": {"uv": [11, 8.75, 11.03125, 8.78125], "texture": "#0"},
				"up": {"uv": [9.03125, 11.03125, 9, 11], "texture": "#0"},
				"down": {"uv": [11.03125, 9, 11, 9.03125], "texture": "#0"}
			}
		},
		{
			"from": [4.8, 12.1, 3.9],
			"to": [4.9, 12.2, 4],
			"rotation": {"angle": 0, "axis": "y", "origin": [8, 0, 7]},
			"faces": {
				"north": {"uv": [9.25, 11, 9.28125, 11.03125], "texture": "#0"},
				"east": {"uv": [11, 9.25, 11.03125, 9.28125], "texture": "#0"},
				"south": {"uv": [9.5, 11, 9.53125, 11.03125], "texture": "#0"},
				"west": {"uv": [11, 9.5, 11.03125, 9.53125], "texture": "#0"},
				"up": {"uv": [9.78125, 11.03125, 9.75, 11], "texture": "#0"},
				"down": {"uv": [11.03125, 9.75, 11, 9.78125], "texture": "#0"}
			}
		},
		{
			"from": [4.7, 12, 3.9],
			"to": [4.8, 12.1, 4],
			"rotation": {"angle": 0, "axis": "y", "origin": [8, 0, 7]},
			"faces": {
				"north": {"uv": [10, 11, 10.03125, 11.03125], "texture": "#0"},
				"east": {"uv": [11, 10, 11.03125, 10.03125], "texture": "#0"},
				"south": {"uv": [10.25, 11, 10.28125, 11.03125], "texture": "#0"},
				"west": {"uv": [11, 10.25, 11.03125, 10.28125], "texture": "#0"},
				"up": {"uv": [10.53125, 11.03125, 10.5, 11], "texture": "#0"},
				"down": {"uv": [11.03125, 10.5, 11, 10.53125], "texture": "#0"}
			}
		},
		{
			"from": [4.6, 11.9, 3.9],
			"to": [4.7, 12, 4],
			"rotation": {"angle": 0, "axis": "y", "origin": [8, 0, 7]},
			"faces": {
				"north": {"uv": [10.75, 11, 10.78125, 11.03125], "texture": "#0"},
				"east": {"uv": [11, 10.75, 11.03125, 10.78125], "texture": "#0"},
				"south": {"uv": [11, 11, 11.03125, 11.03125], "texture": "#0"},
				"west": {"uv": [0, 11.25, 0.03125, 11.28125], "texture": "#0"},
				"up": {"uv": [11.28125, 0.03125, 11.25, 0], "texture": "#0"},
				"down": {"uv": [0.28125, 11.25, 0.25, 11.28125], "texture": "#0"}
			}
		},
		{
			"from": [6.7, 12.2, 3.9],
			"to": [6.9, 12.3, 4],
			"rotation": {"angle": 0, "axis": "y", "origin": [8, 0, 7]},
			"faces": {
				"north": {"uv": [10.75, 9.5, 10.79688, 9.53125], "texture": "#0"},
				"east": {"uv": [11.25, 0.25, 11.28125, 0.28125], "texture": "#0"},
				"south": {"uv": [9.75, 10.75, 9.79688, 10.78125], "texture": "#0"},
				"west": {"uv": [0.5, 11.25, 0.53125, 11.28125], "texture": "#0"},
				"up": {"uv": [10.79688, 9.78125, 10.75, 9.75], "texture": "#0"},
				"down": {"uv": [10.04688, 10.75, 10, 10.78125], "texture": "#0"}
			}
		},
		{
			"from": [4.9, 12.2, 3.9],
			"to": [5.1, 12.3, 4],
			"rotation": {"angle": 0, "axis": "y", "origin": [8, 0, 7]},
			"faces": {
				"north": {"uv": [10.75, 10, 10.79688, 10.03125], "texture": "#0"},
				"east": {"uv": [11.25, 0.5, 11.28125, 0.53125], "texture": "#0"},
				"south": {"uv": [10.25, 10.75, 10.29688, 10.78125], "texture": "#0"},
				"west": {"uv": [0.75, 11.25, 0.78125, 11.28125], "texture": "#0"},
				"up": {"uv": [10.79688, 10.28125, 10.75, 10.25], "texture": "#0"},
				"down": {"uv": [10.54688, 10.75, 10.5, 10.78125], "texture": "#0"}
			}
		},
		{
			"from": [6.4, 12.3, 3.9],
			"to": [6.7, 12.4, 4],
			"rotation": {"angle": 0, "axis": "y", "origin": [8, 0, 7]},
			"faces": {
				"north": {"uv": [10.75, 1.5, 10.82813, 1.53125], "texture": "#0"},
				"east": {"uv": [11.25, 0.75, 11.28125, 0.78125], "texture": "#0"},
				"south": {"uv": [1.75, 10.75, 1.82813, 10.78125], "texture": "#0"},
				"west": {"uv": [1, 11.25, 1.03125, 11.28125], "texture": "#0"},
				"up": {"uv": [10.82813, 1.78125, 10.75, 1.75], "texture": "#0"},
				"down": {"uv": [2.07813, 10.75, 2, 10.78125], "texture": "#0"}
			}
		},
		{
			"from": [5.1, 12.3, 3.9],
			"to": [5.4, 12.4, 4],
			"rotation": {"angle": 0, "axis": "y", "origin": [8, 0, 7]},
			"faces": {
				"north": {"uv": [10.75, 2, 10.82813, 2.03125], "texture": "#0"},
				"east": {"uv": [11.25, 1, 11.28125, 1.03125], "texture": "#0"},
				"south": {"uv": [2.25, 10.75, 2.32813, 10.78125], "texture": "#0"},
				"west": {"uv": [1.25, 11.25, 1.28125, 11.28125], "texture": "#0"},
				"up": {"uv": [10.82813, 2.28125, 10.75, 2.25], "texture": "#0"},
				"down": {"uv": [2.57813, 10.75, 2.5, 10.78125], "texture": "#0"}
			}
		},
		{
			"from": [5.4, 12.4, 3.9],
			"to": [6.4, 12.5, 4],
			"rotation": {"angle": 0, "axis": "y", "origin": [8, 0, 7]},
			"faces": {
				"north": {"uv": [10.25, 5, 10.5, 5.03125], "texture": "#0"},
				"east": {"uv": [11.25, 1.25, 11.28125, 1.28125], "texture": "#0"},
				"south": {"uv": [5.25, 10.25, 5.5, 10.28125], "texture": "#0"},
				"west": {"uv": [1.5, 11.25, 1.53125, 11.28125], "texture": "#0"},
				"up": {"uv": [10.5, 5.28125, 10.25, 5.25], "texture": "#0"},
				"down": {"uv": [10.5, 5.5, 10.25, 5.53125], "texture": "#0"}
			}
		},
		{
			"from": [5.9, 10.8, 3.9],
			"to": [6, 12.1, 4],
			"rotation": {"angle": 0, "axis": "y", "origin": [8, 0, 7]},
			"faces": {
				"north": {"uv": [5.5, 10, 5.53125, 10.32813], "texture": "#0"},
				"east": {"uv": [5.75, 10, 5.78125, 10.32813], "texture": "#0"},
				"south": {"uv": [6, 10, 6.03125, 10.32813], "texture": "#0"},
				"west": {"uv": [6.25, 10, 6.28125, 10.32813], "texture": "#0"},
				"up": {"uv": [11.28125, 1.53125, 11.25, 1.5], "texture": "#0"},
				"down": {"uv": [1.78125, 11.25, 1.75, 11.28125], "texture": "#0"}
			}
		},
		{
			"from": [6, 10.8, 3.9],
			"to": [6.3, 12, 4],
			"rotation": {"angle": 0, "axis": "y", "origin": [8, 0, 7]},
			"faces": {
				"north": {"uv": [9.25, 1.75, 9.32813, 2.04688], "texture": "#0"},
				"east": {"uv": [10, 7.25, 10.03125, 7.54688], "texture": "#0"},
				"south": {"uv": [9.25, 2.25, 9.32813, 2.54688], "texture": "#0"},
				"west": {"uv": [7.5, 10, 7.53125, 10.29688], "texture": "#0"},
				"up": {"uv": [10.82813, 2.53125, 10.75, 2.5], "texture": "#0"},
				"down": {"uv": [2.82813, 10.75, 2.75, 10.78125], "texture": "#0"}
			}
		},
		{
			"from": [4.7, 10.8, 3.9],
			"to": [5.9, 12, 4],
			"rotation": {"angle": 0, "axis": "y", "origin": [8, 0, 7]},
			"faces": {
				"north": {"uv": [8.5, 2.75, 8.79688, 3.04688], "texture": "#0"},
				"east": {"uv": [7.75, 10, 7.78125, 10.29688], "texture": "#0"},
				"south": {"uv": [8.5, 3.25, 8.79688, 3.54688], "texture": "#0"},
				"west": {"uv": [8, 10, 8.03125, 10.29688], "texture": "#0"},
				"up": {"uv": [10.29688, 8.03125, 10, 8], "texture": "#0"},
				"down": {"uv": [8.54688, 10, 8.25, 10.03125], "texture": "#0"}
			}
		},
		{
			"from": [4.8, 12, 3.9],
			"to": [5.9, 12.1, 4],
			"rotation": {"angle": 0, "axis": "y", "origin": [8, 0, 7]},
			"faces": {
				"north": {"uv": [10, 8.25, 10.29688, 8.28125], "texture": "#0"},
				"east": {"uv": [11.25, 1.75, 11.28125, 1.78125], "texture": "#0"},
				"south": {"uv": [10, 8.5, 10.29688, 8.53125], "texture": "#0"},
				"west": {"uv": [2, 11.25, 2.03125, 11.28125], "texture": "#0"},
				"up": {"uv": [9.04688, 10.03125, 8.75, 10], "texture": "#0"},
				"down": {"uv": [10.29688, 8.75, 10, 8.78125], "texture": "#0"}
			}
		},
		{
			"from": [4.9, 12.1, 3.9],
			"to": [6.9, 12.2, 4],
			"rotation": {"angle": 0, "axis": "y", "origin": [8, 0, 7]},
			"faces": {
				"north": {"uv": [7.25, 9.5, 7.75, 9.53125], "texture": "#0"},
				"east": {"uv": [11.25, 2, 11.28125, 2.03125], "texture": "#0"},
				"south": {"uv": [9.5, 7.5, 10, 7.53125], "texture": "#0"},
				"west": {"uv": [2.25, 11.25, 2.28125, 11.28125], "texture": "#0"},
				"up": {"uv": [9, 9.53125, 8.5, 9.5], "texture": "#0"},
				"down": {"uv": [9.5, 9.5, 9, 9.53125], "texture": "#0"}
			}
		},
		{
			"from": [5.1, 12.2, 3.9],
			"to": [6.7, 12.3, 4],
			"rotation": {"angle": 0, "axis": "y", "origin": [8, 0, 7]},
			"faces": {
				"north": {"uv": [9.75, 7, 10.15625, 7.03125], "texture": "#0"},
				"east": {"uv": [11.25, 2.25, 11.28125, 2.28125], "texture": "#0"},
				"south": {"uv": [7.5, 9.75, 7.90625, 9.78125], "texture": "#0"},
				"west": {"uv": [2.5, 11.25, 2.53125, 11.28125], "texture": "#0"},
				"up": {"uv": [8.40625, 9.78125, 8, 9.75], "texture": "#0"},
				"down": {"uv": [8.90625, 9.75, 8.5, 9.78125], "texture": "#0"}
			}
		},
		{
			"from": [5.4, 12.3, 3.9],
			"to": [6.4, 12.4, 4],
			"rotation": {"angle": 0, "axis": "y", "origin": [8, 0, 7]},
			"faces": {
				"north": {"uv": [10.25, 5.75, 10.5, 5.78125], "texture": "#0"},
				"east": {"uv": [11.25, 2.5, 11.28125, 2.53125], "texture": "#0"},
				"south": {"uv": [10.25, 6, 10.5, 6.03125], "texture": "#0"},
				"west": {"uv": [2.75, 11.25, 2.78125, 11.28125], "texture": "#0"},
				"up": {"uv": [10.5, 6.28125, 10.25, 6.25], "texture": "#0"},
				"down": {"uv": [10.5, 6.5, 10.25, 6.53125], "texture": "#0"}
			}
		},
		{
			"from": [4.6, 10.8, 3.9],
			"to": [4.7, 11.9, 4],
			"rotation": {"angle": 0, "axis": "y", "origin": [8, 0, 7]},
			"faces": {
				"north": {"uv": [10.25, 2.5, 10.28125, 2.78125], "texture": "#0"},
				"east": {"uv": [3, 10.25, 3.03125, 10.53125], "texture": "#0"},
				"south": {"uv": [10.25, 3, 10.28125, 3.28125], "texture": "#0"},
				"west": {"uv": [3.25, 10.25, 3.28125, 10.53125], "texture": "#0"},
				"up": {"uv": [11.28125, 2.78125, 11.25, 2.75], "texture": "#0"},
				"down": {"uv": [3.03125, 11.25, 3, 11.28125], "texture": "#0"}
			}
		},
		{
			"from": [4.5, 10.8, 3.9],
			"to": [4.6, 11.7, 4],
			"rotation": {"angle": 0, "axis": "y", "origin": [8, 0, 7]},
			"faces": {
				"north": {"uv": [10.25, 10.25, 10.28125, 10.46875], "texture": "#0"},
				"east": {"uv": [0.5, 10.5, 0.53125, 10.71875], "texture": "#0"},
				"south": {"uv": [0.75, 10.5, 0.78125, 10.71875], "texture": "#0"},
				"west": {"uv": [1, 10.5, 1.03125, 10.71875], "texture": "#0"},
				"up": {"uv": [11.28125, 3.03125, 11.25, 3], "texture": "#0"},
				"down": {"uv": [3.28125, 11.25, 3.25, 11.28125], "texture": "#0"}
			}
		},
		{
			"from": [4.4, 10.8, 3.9],
			"to": [4.5, 11.5, 4],
			"rotation": {"angle": 0, "axis": "y", "origin": [8, 0, 7]},
			"faces": {
				"north": {"uv": [6.75, 10.5, 6.78125, 10.67188], "texture": "#0"},
				"east": {"uv": [10.5, 6.75, 10.53125, 6.92188], "texture": "#0"},
				"south": {"uv": [7, 10.5, 7.03125, 10.67188], "texture": "#0"},
				"west": {"uv": [10.5, 7, 10.53125, 7.17188], "texture": "#0"},
				"up": {"uv": [11.28125, 3.28125, 11.25, 3.25], "texture": "#0"},
				"down": {"uv": [3.53125, 11.25, 3.5, 11.28125], "texture": "#0"}
			}
		},
		{
			"from": [6.3, 11.7, 3.9],
			"to": [7.1, 12, 4],
			"rotation": {"angle": 0, "axis": "y", "origin": [8, 0, 7]},
			"faces": {
				"north": {"uv": [9.5, 2.25, 9.70313, 2.32813], "texture": "#0"},
				"east": {"uv": [10.75, 2.75, 10.78125, 2.82813], "texture": "#0"},
				"south": {"uv": [9.5, 2.5, 9.70313, 2.57813], "texture": "#0"},
				"west": {"uv": [3, 10.75, 3.03125, 10.82813], "texture": "#0"},
				"up": {"uv": [10.70313, 2.53125, 10.5, 2.5], "texture": "#0"},
				"down": {"uv": [2.95313, 10.5, 2.75, 10.53125], "texture": "#0"}
			}
		},
		{
			"from": [6.3, 10.8, 3.9],
			"to": [7.3, 11.7, 4],
			"rotation": {"angle": 0, "axis": "y", "origin": [8, 0, 7]},
			"faces": {
				"north": {"uv": [8.75, 1.75, 9, 1.96875], "texture": "#0"},
				"east": {"uv": [1.25, 10.5, 1.28125, 10.71875], "texture": "#0"},
				"south": {"uv": [8.75, 2, 9, 2.21875], "texture": "#0"},
				"west": {"uv": [1.5, 10.5, 1.53125, 10.71875], "texture": "#0"},
				"up": {"uv": [10.5, 6.78125, 10.25, 6.75], "texture": "#0"},
				"down": {"uv": [10.5, 7, 10.25, 7.03125], "texture": "#0"}
			}
		},
		{
			"from": [7.3, 10.8, 3.9],
			"to": [7.4, 11.5, 4],
			"rotation": {"angle": 0, "axis": "y", "origin": [8, 0, 7]},
			"faces": {
				"north": {"uv": [7.25, 10.5, 7.28125, 10.67188], "texture": "#0"},
				"east": {"uv": [10.5, 7.25, 10.53125, 7.42188], "texture": "#0"},
				"south": {"uv": [7.5, 10.5, 7.53125, 10.67188], "texture": "#0"},
				"west": {"uv": [10.5, 7.5, 10.53125, 7.67188], "texture": "#0"},
				"up": {"uv": [11.28125, 3.53125, 11.25, 3.5], "texture": "#0"},
				"down": {"uv": [3.78125, 11.25, 3.75, 11.28125], "texture": "#0"}
			}
		},
		{
			"from": [7.1, 11.7, 3.9],
			"to": [7.2, 11.9, 4],
			"rotation": {"angle": 0, "axis": "y", "origin": [8, 0, 7]},
			"faces": {
				"north": {"uv": [10.75, 10.5, 10.78125, 10.54688], "texture": "#0"},
				"east": {"uv": [10.75, 10.75, 10.78125, 10.79688], "texture": "#0"},
				"south": {"uv": [0, 11, 0.03125, 11.04688], "texture": "#0"},
				"west": {"uv": [11, 0, 11.03125, 0.04688], "texture": "#0"},
				"up": {"uv": [11.28125, 3.78125, 11.25, 3.75], "texture": "#0"},
				"down": {"uv": [4.03125, 11.25, 4, 11.28125], "texture": "#0"}
			}
		},
		{
			"from": [8.6, 10.7, 3.95],
			"to": [11.8, 10.8, 4.05],
			"rotation": {"angle": 0, "axis": "y", "origin": [8, 0, 7]},
			"faces": {
				"north": {"uv": [8.75, 9, 9.54688, 9.03125], "texture": "#0"},
				"east": {"uv": [11.25, 4, 11.28125, 4.03125], "texture": "#0"},
				"south": {"uv": [9, 8.75, 9.79688, 8.78125], "texture": "#0"},
				"west": {"uv": [4.25, 11.25, 4.28125, 11.28125], "texture": "#0"},
				"up": {"uv": [10.04688, 1.28125, 9.25, 1.25], "texture": "#0"},
				"down": {"uv": [10.04688, 1.5, 9.25, 1.53125], "texture": "#0"}
			}
		},
		{
			"from": [9, 12, 3.95],
			"to": [10.1, 12.1, 4.05],
			"rotation": {"angle": 0, "axis": "y", "origin": [8, 0, 7]},
			"faces": {
				"north": {"uv": [10.25, 3.5, 10.53125, 3.53125], "texture": "#0"},
				"east": {"uv": [11.25, 4.25, 11.28125, 4.28125], "texture": "#0"},
				"south": {"uv": [10.25, 3.75, 10.53125, 3.78125], "texture": "#0"},
				"west": {"uv": [4.5, 11.25, 4.53125, 11.28125], "texture": "#0"},
				"up": {"uv": [10.53125, 4.03125, 10.25, 4], "texture": "#0"},
				"down": {"uv": [10.53125, 4.25, 10.25, 4.28125], "texture": "#0"}
			}
		},
		{
			"from": [8.6, 10.8, 3.95],
			"to": [8.7, 11.5, 4.05],
			"rotation": {"angle": 0, "axis": "y", "origin": [8, 0, 7]},
			"faces": {
				"north": {"uv": [7.75, 10.5, 7.78125, 10.67188], "texture": "#0"},
				"east": {"uv": [10.5, 7.75, 10.53125, 7.92188], "texture": "#0"},
				"south": {"uv": [8, 10.5, 8.03125, 10.67188], "texture": "#0"},
				"west": {"uv": [10.5, 8, 10.53125, 8.17188], "texture": "#0"},
				"up": {"uv": [11.28125, 4.53125, 11.25, 4.5], "texture": "#0"},
				"down": {"uv": [4.78125, 11.25, 4.75, 11.28125], "texture": "#0"}
			}
		},
		{
			"from": [11.7, 10.8, 3.95],
			"to": [11.8, 11.5, 4.05],
			"rotation": {"angle": 0, "axis": "y", "origin": [8, 0, 7]},
			"faces": {
				"north": {"uv": [8.25, 10.5, 8.28125, 10.67188], "texture": "#0"},
				"east": {"uv": [10.5, 8.25, 10.53125, 8.42188], "texture": "#0"},
				"south": {"uv": [8.5, 10.5, 8.53125, 10.67188], "texture": "#0"},
				"west": {"uv": [10.5, 8.5, 10.53125, 8.67188], "texture": "#0"},
				"up": {"uv": [11.28125, 4.78125, 11.25, 4.75], "texture": "#0"},
				"down": {"uv": [5.03125, 11.25, 5, 11.28125], "texture": "#0"}
			}
		},
		{
			"from": [8.7, 11.5, 3.95],
			"to": [8.8, 11.7, 4.05],
			"rotation": {"angle": 0, "axis": "y", "origin": [8, 0, 7]},
			"faces": {
				"north": {"uv": [0.25, 11, 0.28125, 11.04688], "texture": "#0"},
				"east": {"uv": [11, 0.25, 11.03125, 0.29688], "texture": "#0"},
				"south": {"uv": [0.5, 11, 0.53125, 11.04688], "texture": "#0"},
				"west": {"uv": [11, 0.5, 11.03125, 0.54688], "texture": "#0"},
				"up": {"uv": [11.28125, 5.03125, 11.25, 5], "texture": "#0"},
				"down": {"uv": [5.28125, 11.25, 5.25, 11.28125], "texture": "#0"}
			}
		},
		{
			"from": [11.6, 11.5, 3.95],
			"to": [11.7, 11.7, 4.05],
			"rotation": {"angle": 0, "axis": "y", "origin": [8, 0, 7]},
			"faces": {
				"north": {"uv": [0.75, 11, 0.78125, 11.04688], "texture": "#0"},
				"east": {"uv": [11, 0.75, 11.03125, 0.79688], "texture": "#0"},
				"south": {"uv": [1, 11, 1.03125, 11.04688], "texture": "#0"},
				"west": {"uv": [11, 1, 11.03125, 1.04688], "texture": "#0"},
				"up": {"uv": [11.28125, 5.28125, 11.25, 5.25], "texture": "#0"},
				"down": {"uv": [5.53125, 11.25, 5.5, 11.28125], "texture": "#0"}
			}
		},
		{
			"from": [8.8, 11.7, 3.95],
			"to": [8.9, 11.9, 4.05],
			"rotation": {"angle": 0, "axis": "y", "origin": [8, 0, 7]},
			"faces": {
				"north": {"uv": [1.25, 11, 1.28125, 11.04688], "texture": "#0"},
				"east": {"uv": [11, 1.25, 11.03125, 1.29688], "texture": "#0"},
				"south": {"uv": [1.5, 11, 1.53125, 11.04688], "texture": "#0"},
				"west": {"uv": [11, 1.5, 11.03125, 1.54688], "texture": "#0"},
				"up": {"uv": [11.28125, 5.53125, 11.25, 5.5], "texture": "#0"},
				"down": {"uv": [5.78125, 11.25, 5.75, 11.28125], "texture": "#0"}
			}
		},
		{
			"from": [11.5, 11.7, 3.95],
			"to": [11.6, 11.9, 4.05],
			"rotation": {"angle": 0, "axis": "y", "origin": [8, 0, 7]},
			"faces": {
				"north": {"uv": [1.75, 11, 1.78125, 11.04688], "texture": "#0"},
				"east": {"uv": [11, 1.75, 11.03125, 1.79688], "texture": "#0"},
				"south": {"uv": [2, 11, 2.03125, 11.04688], "texture": "#0"},
				"west": {"uv": [11, 2, 11.03125, 2.04688], "texture": "#0"},
				"up": {"uv": [11.28125, 5.78125, 11.25, 5.75], "texture": "#0"},
				"down": {"uv": [6.03125, 11.25, 6, 11.28125], "texture": "#0"}
			}
		},
		{
			"from": [8.9, 11.9, 3.95],
			"to": [9, 12, 4.05],
			"rotation": {"angle": 0, "axis": "y", "origin": [8, 0, 7]},
			"faces": {
				"north": {"uv": [11.25, 6, 11.28125, 6.03125], "texture": "#0"},
				"east": {"uv": [6.25, 11.25, 6.28125, 11.28125], "texture": "#0"},
				"south": {"uv": [11.25, 6.25, 11.28125, 6.28125], "texture": "#0"},
				"west": {"uv": [6.5, 11.25, 6.53125, 11.28125], "texture": "#0"},
				"up": {"uv": [11.28125, 6.53125, 11.25, 6.5], "texture": "#0"},
				"down": {"uv": [6.78125, 11.25, 6.75, 11.28125], "texture": "#0"}
			}
		},
		{
			"from": [9.1, 12.1, 3.95],
			"to": [9.2, 12.2, 4.05],
			"rotation": {"angle": 0, "axis": "y", "origin": [8, 0, 7]},
			"faces": {
				"north": {"uv": [11.25, 6.75, 11.28125, 6.78125], "texture": "#0"},
				"east": {"uv": [7, 11.25, 7.03125, 11.28125], "texture": "#0"},
				"south": {"uv": [11.25, 7, 11.28125, 7.03125], "texture": "#0"},
				"west": {"uv": [7.25, 11.25, 7.28125, 11.28125], "texture": "#0"},
				"up": {"uv": [11.28125, 7.28125, 11.25, 7.25], "texture": "#0"},
				"down": {"uv": [7.53125, 11.25, 7.5, 11.28125], "texture": "#0"}
			}
		},
		{
			"from": [11.2, 12.1, 3.95],
			"to": [11.3, 12.2, 4.05],
			"rotation": {"angle": 0, "axis": "y", "origin": [8, 0, 7]},
			"faces": {
				"north": {"uv": [11.25, 7.5, 11.28125, 7.53125], "texture": "#0"},
				"east": {"uv": [7.75, 11.25, 7.78125, 11.28125], "texture": "#0"},
				"south": {"uv": [11.25, 7.75, 11.28125, 7.78125], "texture": "#0"},
				"west": {"uv": [8, 11.25, 8.03125, 11.28125], "texture": "#0"},
				"up": {"uv": [11.28125, 8.03125, 11.25, 8], "texture": "#0"},
				"down": {"uv": [8.28125, 11.25, 8.25, 11.28125], "texture": "#0"}
			}
		},
		{
			"from": [11.3, 12, 3.95],
			"to": [11.4, 12.1, 4.05],
			"rotation": {"angle": 0, "axis": "y", "origin": [8, 0, 7]},
			"faces": {
				"north": {"uv": [11.25, 8.25, 11.28125, 8.28125], "texture": "#0"},
				"east": {"uv": [8.5, 11.25, 8.53125, 11.28125], "texture": "#0"},
				"south": {"uv": [11.25, 8.5, 11.28125, 8.53125], "texture": "#0"},
				"west": {"uv": [8.75, 11.25, 8.78125, 11.28125], "texture": "#0"},
				"up": {"uv": [11.28125, 8.78125, 11.25, 8.75], "texture": "#0"},
				"down": {"uv": [9.03125, 11.25, 9, 11.28125], "texture": "#0"}
			}
		},
		{
			"from": [11.4, 11.9, 3.95],
			"to": [11.5, 12, 4.05],
			"rotation": {"angle": 0, "axis": "y", "origin": [8, 0, 7]},
			"faces": {
				"north": {"uv": [11.25, 9, 11.28125, 9.03125], "texture": "#0"},
				"east": {"uv": [9.25, 11.25, 9.28125, 11.28125], "texture": "#0"},
				"south": {"uv": [11.25, 9.25, 11.28125, 9.28125], "texture": "#0"},
				"west": {"uv": [9.5, 11.25, 9.53125, 11.28125], "texture": "#0"},
				"up": {"uv": [11.28125, 9.53125, 11.25, 9.5], "texture": "#0"},
				"down": {"uv": [9.78125, 11.25, 9.75, 11.28125], "texture": "#0"}
			}
		},
		{
			"from": [9.2, 12.2, 3.95],
			"to": [9.4, 12.3, 4.05],
			"rotation": {"angle": 0, "axis": "y", "origin": [8, 0, 7]},
			"faces": {
				"north": {"uv": [2.25, 11, 2.29688, 11.03125], "texture": "#0"},
				"east": {"uv": [11.25, 9.75, 11.28125, 9.78125], "texture": "#0"},
				"south": {"uv": [11, 2.25, 11.04688, 2.28125], "texture": "#0"},
				"west": {"uv": [10, 11.25, 10.03125, 11.28125], "texture": "#0"},
				"up": {"uv": [2.54688, 11.03125, 2.5, 11], "texture": "#0"},
				"down": {"uv": [11.04688, 2.5, 11, 2.53125], "texture": "#0"}
			}
		},
		{
			"from": [11, 12.2, 3.95],
			"to": [11.2, 12.3, 4.05],
			"rotation": {"angle": 0, "axis": "y", "origin": [8, 0, 7]},
			"faces": {
				"north": {"uv": [2.75, 11, 2.79688, 11.03125], "texture": "#0"},
				"east": {"uv": [11.25, 10, 11.28125, 10.03125], "texture": "#0"},
				"south": {"uv": [11, 2.75, 11.04688, 2.78125], "texture": "#0"},
				"west": {"uv": [10.25, 11.25, 10.28125, 11.28125], "texture": "#0"},
				"up": {"uv": [3.04688, 11.03125, 3, 11], "texture": "#0"},
				"down": {"uv": [11.04688, 3, 11, 3.03125], "texture": "#0"}
			}
		},
		{
			"from": [9.4, 12.3, 3.95],
			"to": [9.7, 12.4, 4.05],
			"rotation": {"angle": 0, "axis": "y", "origin": [8, 0, 7]},
			"faces": {
				"north": {"uv": [10.75, 3, 10.82813, 3.03125], "texture": "#0"},
				"east": {"uv": [11.25, 10.25, 11.28125, 10.28125], "texture": "#0"},
				"south": {"uv": [3.25, 10.75, 3.32813, 10.78125], "texture": "#0"},
				"west": {"uv": [10.5, 11.25, 10.53125, 11.28125], "texture": "#0"},
				"up": {"uv": [10.82813, 3.28125, 10.75, 3.25], "texture": "#0"},
				"down": {"uv": [3.57813, 10.75, 3.5, 10.78125], "texture": "#0"}
			}
		},
		{
			"from": [10.7, 12.3, 3.95],
			"to": [11, 12.4, 4.05],
			"rotation": {"angle": 0, "axis": "y", "origin": [8, 0, 7]},
			"faces": {
				"north": {"uv": [10.75, 3.5, 10.82813, 3.53125], "texture": "#0"},
				"east": {"uv": [11.25, 10.5, 11.28125, 10.53125], "texture": "#0"},
				"south": {"uv": [3.75, 10.75, 3.82813, 10.78125], "texture": "#0"},
				"west": {"uv": [10.75, 11.25, 10.78125, 11.28125], "texture": "#0"},
				"up": {"uv": [10.82813, 3.78125, 10.75, 3.75], "texture": "#0"},
				"down": {"uv": [4.07813, 10.75, 4, 10.78125], "texture": "#0"}
			}
		},
		{
			"from": [9.7, 12.4, 3.95],
			"to": [10.7, 12.5, 4.05],
			"rotation": {"angle": 0, "axis": "y", "origin": [8, 0, 7]},
			"faces": {
				"north": {"uv": [10.25, 7.25, 10.5, 7.28125], "texture": "#0"},
				"east": {"uv": [11.25, 10.75, 11.28125, 10.78125], "texture": "#0"},
				"south": {"uv": [10.25, 7.5, 10.5, 7.53125], "texture": "#0"},
				"west": {"uv": [11, 11.25, 11.03125, 11.28125], "texture": "#0"},
				"up": {"uv": [8.5, 10.28125, 8.25, 10.25], "texture": "#0"},
				"down": {"uv": [8.75, 10.25, 8.5, 10.28125], "texture": "#0"}
			}
		},
		{
			"from": [10.1, 10.8, 3.95],
			"to": [10.2, 12.1, 4.05],
			"rotation": {"angle": 0, "axis": "y", "origin": [8, 0, 7]},
			"faces": {
				"north": {"uv": [6.5, 10, 6.53125, 10.32813], "texture": "#0"},
				"east": {"uv": [6.75, 10, 6.78125, 10.32813], "texture": "#0"},
				"south": {"uv": [7, 10, 7.03125, 10.32813], "texture": "#0"},
				"west": {"uv": [7.25, 10, 7.28125, 10.32813], "texture": "#0"},
				"up": {"uv": [11.28125, 11.03125, 11.25, 11], "texture": "#0"},
				"down": {"uv": [11.28125, 11.25, 11.25, 11.28125], "texture": "#0"}
			}
		},
		{
			"from": [9.8, 10.8, 3.95],
			"to": [10.1, 12, 4.05],
			"rotation": {"angle": 0, "axis": "y", "origin": [8, 0, 7]},
			"faces": {
				"north": {"uv": [9.25, 2.75, 9.32813, 3.04688], "texture": "#0"},
				"east": {"uv": [9.25, 10, 9.28125, 10.29688], "texture": "#0"},
				"south": {"uv": [9.25, 3.25, 9.32813, 3.54688], "texture": "#0"},
				"west": {"uv": [10, 9.25, 10.03125, 9.54688], "texture": "#0"},
				"up": {"uv": [10.82813, 4.03125, 10.75, 4], "texture": "#0"},
				"down": {"uv": [4.32813, 10.75, 4.25, 10.78125], "texture": "#0"}
			}
		},
		{
			"from": [10.2, 10.8, 3.95],
			"to": [11.4, 12, 4.05],
			"rotation": {"angle": 0, "axis": "y", "origin": [8, 0, 7]},
			"faces": {
				"north": {"uv": [4.5, 8.5, 4.79688, 8.79688], "texture": "#0"},
				"east": {"uv": [9.5, 10, 9.53125, 10.29688], "texture": "#0"},
				"south": {"uv": [6.25, 8.5, 6.54688, 8.79688], "texture": "#0"},
				"west": {"uv": [9.75, 10, 9.78125, 10.29688], "texture": "#0"},
				"up": {"uv": [10.29688, 9.78125, 10, 9.75], "texture": "#0"},
				"down": {"uv": [10.29688, 10, 10, 10.03125], "texture": "#0"}
			}
		},
		{
			"from": [10.2, 12, 3.95],
			"to": [11.3, 12.1, 4.05],
			"rotation": {"angle": 0, "axis": "y", "origin": [8, 0, 7]},
			"faces": {
				"north": {"uv": [0.5, 10.25, 0.79688, 10.28125], "texture": "#0"},
				"east": {"uv": [0, 11.5, 0.03125, 11.53125], "texture": "#0"},
				"south": {"uv": [1, 10.25, 1.29688, 10.28125], "texture": "#0"},
				"west": {"uv": [11.5, 0, 11.53125, 0.03125], "texture": "#0"},
				"up": {"uv": [10.54688, 1.28125, 10.25, 1.25], "texture": "#0"},
				"down": {"uv": [1.79688, 10.25, 1.5, 10.28125], "texture": "#0"}
			}
		},
		{
			"from": [9.2, 12.1, 3.95],
			"to": [11.2, 12.2, 4.05],
			"rotation": {"angle": 0, "axis": "y", "origin": [8, 0, 7]},
			"faces": {
				"north": {"uv": [9.5, 9.25, 10, 9.28125], "texture": "#0"},
				"east": {"uv": [0.25, 11.5, 0.28125, 11.53125], "texture": "#0"},
				"south": {"uv": [9.5, 9.5, 10, 9.53125], "texture": "#0"},
				"west": {"uv": [11.5, 0.25, 11.53125, 0.28125], "texture": "#0"},
				"up": {"uv": [1, 9.78125, 0.5, 9.75], "texture": "#0"},
				"down": {"uv": [1.5, 9.75, 1, 9.78125], "texture": "#0"}
			}
		},
		{
			"from": [9.4, 12.2, 3.95],
			"to": [11, 12.3, 4.05],
			"rotation": {"angle": 0, "axis": "y", "origin": [8, 0, 7]},
			"faces": {
				"north": {"uv": [9, 9.75, 9.40625, 9.78125], "texture": "#0"},
				"east": {"uv": [0.5, 11.5, 0.53125, 11.53125], "texture": "#0"},
				"south": {"uv": [9.75, 9, 10.15625, 9.03125], "texture": "#0"},
				"west": {"uv": [11.5, 0.5, 11.53125, 0.53125], "texture": "#0"},
				"up": {"uv": [9.90625, 9.78125, 9.5, 9.75], "texture": "#0"},
				"down": {"uv": [0.90625, 10, 0.5, 10.03125], "texture": "#0"}
			}
		},
		{
			"from": [9.7, 12.3, 3.95],
			"to": [10.7, 12.4, 4.05],
			"rotation": {"angle": 0, "axis": "y", "origin": [8, 0, 7]},
			"faces": {
				"north": {"uv": [8.75, 10.25, 9, 10.28125], "texture": "#0"},
				"east": {"uv": [0.75, 11.5, 0.78125, 11.53125], "texture": "#0"},
				"south": {"uv": [9, 10.25, 9.25, 10.28125], "texture": "#0"},
				"west": {"uv": [11.5, 0.75, 11.53125, 0.78125], "texture": "#0"},
				"up": {"uv": [10.5, 9.03125, 10.25, 9], "texture": "#0"},
				"down": {"uv": [10.5, 9.25, 10.25, 9.28125], "texture": "#0"}
			}
		},
		{
			"from": [11.4, 10.8, 3.95],
			"to": [11.5, 11.9, 4.05],
			"rotation": {"angle": 0, "axis": "y", "origin": [8, 0, 7]},
			"faces": {
				"north": {"uv": [4.5, 10.25, 4.53125, 10.53125], "texture": "#0"},
				"east": {"uv": [10.25, 4.5, 10.28125, 4.78125], "texture": "#0"},
				"south": {"uv": [4.75, 10.25, 4.78125, 10.53125], "texture": "#0"},
				"west": {"uv": [5, 10.25, 5.03125, 10.53125], "texture": "#0"},
				"up": {"uv": [1.03125, 11.53125, 1, 11.5], "texture": "#0"},
				"down": {"uv": [11.53125, 1, 11.5, 1.03125], "texture": "#0"}
			}
		},
		{
			"from": [11.5, 10.8, 3.95],
			"to": [11.6, 11.7, 4.05],
			"rotation": {"angle": 0, "axis": "y", "origin": [8, 0, 7]},
			"faces": {
				"north": {"uv": [10.5, 1.5, 10.53125, 1.71875], "texture": "#0"},
				"east": {"uv": [1.75, 10.5, 1.78125, 10.71875], "texture": "#0"},
				"south": {"uv": [10.5, 1.75, 10.53125, 1.96875], "texture": "#0"},
				"west": {"uv": [2, 10.5, 2.03125, 10.71875], "texture": "#0"},
				"up": {"uv": [1.28125, 11.53125, 1.25, 11.5], "texture": "#0"},
				"down": {"uv": [11.53125, 1.25, 11.5, 1.28125], "texture": "#0"}
			}
		},
		{
			"from": [11.6, 10.8, 3.95],
			"to": [11.7, 11.5, 4.05],
			"rotation": {"angle": 0, "axis": "y", "origin": [8, 0, 7]},
			"faces": {
				"north": {"uv": [8.75, 10.5, 8.78125, 10.67188], "texture": "#0"},
				"east": {"uv": [10.5, 8.75, 10.53125, 8.92188], "texture": "#0"},
				"south": {"uv": [9, 10.5, 9.03125, 10.67188], "texture": "#0"},
				"west": {"uv": [10.5, 9, 10.53125, 9.17188], "texture": "#0"},
				"up": {"uv": [1.53125, 11.53125, 1.5, 11.5], "texture": "#0"},
				"down": {"uv": [11.53125, 1.5, 11.5, 1.53125], "texture": "#0"}
			}
		},
		{
			"from": [9, 11.7, 3.95],
			"to": [9.8, 12, 4.05],
			"rotation": {"angle": 0, "axis": "y", "origin": [8, 0, 7]},
			"faces": {
				"north": {"uv": [9.5, 2.75, 9.70313, 2.82813], "texture": "#0"},
				"east": {"uv": [10.75, 4.25, 10.78125, 4.32813], "texture": "#0"},
				"south": {"uv": [9.5, 3, 9.70313, 3.07813], "texture": "#0"},
				"west": {"uv": [4.5, 10.75, 4.53125, 10.82813], "texture": "#0"},
				"up": {"uv": [10.70313, 2.78125, 10.5, 2.75], "texture": "#0"},
				"down": {"uv": [10.70313, 3, 10.5, 3.03125], "texture": "#0"}
			}
		},
		{
			"from": [8.8, 10.8, 3.95],
			"to": [9.8, 11.7, 4.05],
			"rotation": {"angle": 0, "axis": "y", "origin": [8, 0, 7]},
			"faces": {
				"north": {"uv": [8.75, 2.25, 9, 2.46875], "texture": "#0"},
				"east": {"uv": [2.25, 10.5, 2.28125, 10.71875], "texture": "#0"},
				"south": {"uv": [8.75, 2.5, 9, 2.71875], "texture": "#0"},
				"west": {"uv": [2.5, 10.5, 2.53125, 10.71875], "texture": "#0"},
				"up": {"uv": [10.5, 9.53125, 10.25, 9.5], "texture": "#0"},
				"down": {"uv": [10.25, 10.25, 10, 10.28125], "texture": "#0"}
			}
		},
		{
			"from": [8.7, 10.8, 3.95],
			"to": [8.8, 11.5, 4.05],
			"rotation": {"angle": 0, "axis": "y", "origin": [8, 0, 7]},
			"faces": {
				"north": {"uv": [9.25, 10.5, 9.28125, 10.67188], "texture": "#0"},
				"east": {"uv": [10.5, 9.25, 10.53125, 9.42188], "texture": "#0"},
				"south": {"uv": [9.5, 10.5, 9.53125, 10.67188], "texture": "#0"},
				"west": {"uv": [10.5, 9.5, 10.53125, 9.67188], "texture": "#0"},
				"up": {"uv": [1.78125, 11.53125, 1.75, 11.5], "texture": "#0"},
				"down": {"uv": [11.53125, 1.75, 11.5, 1.78125], "texture": "#0"}
			}
		},
		{
			"from": [8.9, 11.7, 3.95],
			"to": [9, 11.9, 4.05],
			"rotation": {"angle": 0, "axis": "y", "origin": [8, 0, 7]},
			"faces": {
				"north": {"uv": [3.25, 11, 3.28125, 11.04688], "texture": "#0"},
				"east": {"uv": [11, 3.25, 11.03125, 3.29688], "texture": "#0"},
				"south": {"uv": [3.5, 11, 3.53125, 11.04688], "texture": "#0"},
				"west": {"uv": [11, 3.5, 11.03125, 3.54688], "texture": "#0"},
				"up": {"uv": [2.03125, 11.53125, 2, 11.5], "texture": "#0"},
				"down": {"uv": [11.53125, 2, 11.5, 2.03125], "texture": "#0"}
			}
		},
		{
			"from": [7.9, 10.6, 3.9],
			"to": [8.2, 10.7, 4],
			"rotation": {"angle": 0, "axis": "y", "origin": [8, 0, 7]},
			"faces": {
				"north": {"uv": [10.75, 4.5, 10.82813, 4.53125], "texture": "#0"},
				"east": {"uv": [2.25, 11.5, 2.28125, 11.53125], "texture": "#0"},
				"south": {"uv": [4.75, 10.75, 4.82813, 10.78125], "texture": "#0"},
				"west": {"uv": [11.5, 2.25, 11.53125, 2.28125], "texture": "#0"},
				"up": {"uv": [10.82813, 4.78125, 10.75, 4.75], "texture": "#0"},
				"down": {"uv": [5.07813, 10.75, 5, 10.78125], "texture": "#0"}
			}
		},
		{
			"from": [7.8, 9.2, 3.9],
			"to": [8.3, 9.3, 4],
			"rotation": {"angle": 0, "axis": "y", "origin": [8, 0, 7]},
			"faces": {
				"north": {"uv": [9.75, 10.5, 9.875, 10.53125], "texture": "#0"},
				"east": {"uv": [2.5, 11.5, 2.53125, 11.53125], "texture": "#0"},
				"south": {"uv": [10.5, 9.75, 10.625, 9.78125], "texture": "#0"},
				"west": {"uv": [11.5, 2.5, 11.53125, 2.53125], "texture": "#0"},
				"up": {"uv": [10.125, 10.53125, 10, 10.5], "texture": "#0"},
				"down": {"uv": [10.625, 10, 10.5, 10.03125], "texture": "#0"}
			}
		},
		{
			"from": [7.4, 9.3, 3.9],
			"to": [7.8, 9.4, 4],
			"rotation": {"angle": 0, "axis": "y", "origin": [8, 0, 7]},
			"faces": {
				"north": {"uv": [10.25, 10.5, 10.34375, 10.53125], "texture": "#0"},
				"east": {"uv": [2.75, 11.5, 2.78125, 11.53125], "texture": "#0"},
				"south": {"uv": [10.5, 10.25, 10.59375, 10.28125], "texture": "#0"},
				"west": {"uv": [11.5, 2.75, 11.53125, 2.78125], "texture": "#0"},
				"up": {"uv": [10.59375, 10.53125, 10.5, 10.5], "texture": "#0"},
				"down": {"uv": [0.09375, 10.75, 0, 10.78125], "texture": "#0"}
			}
		},
		{
			"from": [8.3, 9.3, 3.9],
			"to": [8.7, 9.4, 4],
			"rotation": {"angle": 0, "axis": "y", "origin": [8, 0, 7]},
			"faces": {
				"north": {"uv": [10.75, 0, 10.84375, 0.03125], "texture": "#0"},
				"east": {"uv": [3, 11.5, 3.03125, 11.53125], "texture": "#0"},
				"south": {"uv": [0.25, 10.75, 0.34375, 10.78125], "texture": "#0"},
				"west": {"uv": [11.5, 3, 11.53125, 3.03125], "texture": "#0"},
				"up": {"uv": [10.84375, 0.28125, 10.75, 0.25], "texture": "#0"},
				"down": {"uv": [0.59375, 10.75, 0.5, 10.78125], "texture": "#0"}
			}
		},
		{
			"from": [8.7, 9.4, 3.9],
			"to": [9.1, 9.5, 4],
			"rotation": {"angle": 0, "axis": "y", "origin": [8, 0, 7]},
			"faces": {
				"north": {"uv": [10.75, 0.5, 10.84375, 0.53125], "texture": "#0"},
				"east": {"uv": [3.25, 11.5, 3.28125, 11.53125], "texture": "#0"},
				"south": {"uv": [0.75, 10.75, 0.84375, 10.78125], "texture": "#0"},
				"west": {"uv": [11.5, 3.25, 11.53125, 3.28125], "texture": "#0"},
				"up": {"uv": [10.84375, 0.78125, 10.75, 0.75], "texture": "#0"},
				"down": {"uv": [1.09375, 10.75, 1, 10.78125], "texture": "#0"}
			}
		},
		{
			"from": [7, 9.4, 3.9],
			"to": [7.4, 9.5, 4],
			"rotation": {"angle": 0, "axis": "y", "origin": [8, 0, 7]},
			"faces": {
				"north": {"uv": [10.75, 1, 10.84375, 1.03125], "texture": "#0"},
				"east": {"uv": [3.5, 11.5, 3.53125, 11.53125], "texture": "#0"},
				"south": {"uv": [1.25, 10.75, 1.34375, 10.78125], "texture": "#0"},
				"west": {"uv": [11.5, 3.5, 11.53125, 3.53125], "texture": "#0"},
				"up": {"uv": [10.84375, 1.28125, 10.75, 1.25], "texture": "#0"},
				"down": {"uv": [1.59375, 10.75, 1.5, 10.78125], "texture": "#0"}
			}
		},
		{
			"from": [7, 9.5, 3.9],
			"to": [7.1, 9.6, 4],
			"rotation": {"angle": 0, "axis": "y", "origin": [8, 0, 7]},
			"faces": {
				"north": {"uv": [3.75, 11.5, 3.78125, 11.53125], "texture": "#0"},
				"east": {"uv": [11.5, 3.75, 11.53125, 3.78125], "texture": "#0"},
				"south": {"uv": [4, 11.5, 4.03125, 11.53125], "texture": "#0"},
				"west": {"uv": [11.5, 4, 11.53125, 4.03125], "texture": "#0"},
				"up": {"uv": [4.28125, 11.53125, 4.25, 11.5], "texture": "#0"},
				"down": {"uv": [11.53125, 4.25, 11.5, 4.28125], "texture": "#0"}
			}
		},
		{
			"from": [9, 9.5, 3.9],
			"to": [9.1, 9.6, 4],
			"rotation": {"angle": 0, "axis": "y", "origin": [8, 0, 7]},
			"faces": {
				"north": {"uv": [4.5, 11.5, 4.53125, 11.53125], "texture": "#0"},
				"east": {"uv": [11.5, 4.5, 11.53125, 4.53125], "texture": "#0"},
				"south": {"uv": [4.75, 11.5, 4.78125, 11.53125], "texture": "#0"},
				"west": {"uv": [11.5, 4.75, 11.53125, 4.78125], "texture": "#0"},
				"up": {"uv": [5.03125, 11.53125, 5, 11.5], "texture": "#0"},
				"down": {"uv": [11.53125, 5, 11.5, 5.03125], "texture": "#0"}
			}
		},
		{
			"from": [6.9, 9.3, 3.9],
			"to": [7, 9.4, 4],
			"rotation": {"angle": 0, "axis": "y", "origin": [8, 0, 7]},
			"faces": {
				"north": {"uv": [5.25, 11.5, 5.28125, 11.53125], "texture": "#0"},
				"east": {"uv": [11.5, 5.25, 11.53125, 5.28125], "texture": "#0"},
				"south": {"uv": [5.5, 11.5, 5.53125, 11.53125], "texture": "#0"},
				"west": {"uv": [11.5, 5.5, 11.53125, 5.53125], "texture": "#0"},
				"up": {"uv": [5.78125, 11.53125, 5.75, 11.5], "texture": "#0"},
				"down": {"uv": [11.53125, 5.75, 11.5, 5.78125], "texture": "#0"}
			}
		},
		{
			"from": [9.1, 9.3, 3.9],
			"to": [9.2, 9.4, 4],
			"rotation": {"angle": 0, "axis": "y", "origin": [8, 0, 7]},
			"faces": {
				"north": {"uv": [6, 11.5, 6.03125, 11.53125], "texture": "#0"},
				"east": {"uv": [11.5, 6, 11.53125, 6.03125], "texture": "#0"},
				"south": {"uv": [6.25, 11.5, 6.28125, 11.53125], "texture": "#0"},
				"west": {"uv": [11.5, 6.25, 11.53125, 6.28125], "texture": "#0"},
				"up": {"uv": [6.53125, 11.53125, 6.5, 11.5], "texture": "#0"},
				"down": {"uv": [11.53125, 6.5, 11.5, 6.53125], "texture": "#0"}
			}
		},
		{
			"from": [7.1, 9.6, 3.9],
			"to": [7.2, 9.7, 4],
			"rotation": {"angle": 0, "axis": "y", "origin": [8, 0, 7]},
			"faces": {
				"north": {"uv": [6.75, 11.5, 6.78125, 11.53125], "texture": "#0"},
				"east": {"uv": [11.5, 6.75, 11.53125, 6.78125], "texture": "#0"},
				"south": {"uv": [7, 11.5, 7.03125, 11.53125], "texture": "#0"},
				"west": {"uv": [11.5, 7, 11.53125, 7.03125], "texture": "#0"},
				"up": {"uv": [7.28125, 11.53125, 7.25, 11.5], "texture": "#0"},
				"down": {"uv": [11.53125, 7.25, 11.5, 7.28125], "texture": "#0"}
			}
		},
		{
			"from": [8.9, 9.6, 3.9],
			"to": [9, 9.7, 4],
			"rotation": {"angle": 0, "axis": "y", "origin": [8, 0, 7]},
			"faces": {
				"north": {"uv": [7.5, 11.5, 7.53125, 11.53125], "texture": "#0"},
				"east": {"uv": [11.5, 7.5, 11.53125, 7.53125], "texture": "#0"},
				"south": {"uv": [7.75, 11.5, 7.78125, 11.53125], "texture": "#0"},
				"west": {"uv": [11.5, 7.75, 11.53125, 7.78125], "texture": "#0"},
				"up": {"uv": [8.03125, 11.53125, 8, 11.5], "texture": "#0"},
				"down": {"uv": [11.53125, 8, 11.5, 8.03125], "texture": "#0"}
			}
		},
		{
			"from": [7.8, 10.5, 3.9],
			"to": [7.9, 10.6, 4],
			"rotation": {"angle": 0, "axis": "y", "origin": [8, 0, 7]},
			"faces": {
				"north": {"uv": [8.25, 11.5, 8.28125, 11.53125], "texture": "#0"},
				"east": {"uv": [11.5, 8.25, 11.53125, 8.28125], "texture": "#0"},
				"south": {"uv": [8.5, 11.5, 8.53125, 11.53125], "texture": "#0"},
				"west": {"uv": [11.5, 8.5, 11.53125, 8.53125], "texture": "#0"},
				"up": {"uv": [8.78125, 11.53125, 8.75, 11.5], "texture": "#0"},
				"down": {"uv": [11.53125, 8.75, 11.5, 8.78125], "texture": "#0"}
			}
		},
		{
			"from": [8.2, 10.5, 3.9],
			"to": [8.3, 10.6, 4],
			"rotation": {"angle": 0, "axis": "y", "origin": [8, 0, 7]},
			"faces": {
				"north": {"uv": [9, 11.5, 9.03125, 11.53125], "texture": "#0"},
				"east": {"uv": [11.5, 9, 11.53125, 9.03125], "texture": "#0"},
				"south": {"uv": [9.25, 11.5, 9.28125, 11.53125], "texture": "#0"},
				"west": {"uv": [11.5, 9.25, 11.53125, 9.28125], "texture": "#0"},
				"up": {"uv": [9.53125, 11.53125, 9.5, 11.5], "texture": "#0"},
				"down": {"uv": [11.53125, 9.5, 11.5, 9.53125], "texture": "#0"}
			}
		},
		{
			"from": [8.3, 10.4, 3.9],
			"to": [8.4, 10.5, 4],
			"rotation": {"angle": 0, "axis": "y", "origin": [8, 0, 7]},
			"faces": {
				"north": {"uv": [9.75, 11.5, 9.78125, 11.53125], "texture": "#0"},
				"east": {"uv": [11.5, 9.75, 11.53125, 9.78125], "texture": "#0"},
				"south": {"uv": [10, 11.5, 10.03125, 11.53125], "texture": "#0"},
				"west": {"uv": [11.5, 10, 11.53125, 10.03125], "texture": "#0"},
				"up": {"uv": [10.28125, 11.53125, 10.25, 11.5], "texture": "#0"},
				"down": {"uv": [11.53125, 10.25, 11.5, 10.28125], "texture": "#0"}
			}
		},
		{
			"from": [7.7, 10.4, 3.9],
			"to": [7.8, 10.5, 4],
			"rotation": {"angle": 0, "axis": "y", "origin": [8, 0, 7]},
			"faces": {
				"north": {"uv": [10.5, 11.5, 10.53125, 11.53125], "texture": "#0"},
				"east": {"uv": [11.5, 10.5, 11.53125, 10.53125], "texture": "#0"},
				"south": {"uv": [10.75, 11.5, 10.78125, 11.53125], "texture": "#0"},
				"west": {"uv": [11.5, 10.75, 11.53125, 10.78125], "texture": "#0"},
				"up": {"uv": [11.03125, 11.53125, 11, 11.5], "texture": "#0"},
				"down": {"uv": [11.53125, 11, 11.5, 11.03125], "texture": "#0"}
			}
		},
		{
			"from": [5.9, 4, 6.2],
			"to": [9.9, 8, 9.7],
			"rotation": {"angle": 0, "axis": "y", "origin": [7.9, 0, 8]},
			"faces": {
				"north": {"uv": [6.5, 1.5, 7.5, 2.5], "texture": "#0"},
				"east": {"uv": [6.5, 2.5, 7.375, 3.5], "texture": "#0"},
				"south": {"uv": [2, 6.5, 3, 7.5], "texture": "#0"},
				"west": {"uv": [3, 6.5, 3.875, 7.5], "texture": "#0"},
				"up": {"uv": [5, 7.375, 4, 6.5], "texture": "#0"},
				"down": {"uv": [6, 6.5, 5, 7.375], "texture": "#0"}
			}
		},
		{
			"from": [5.9, 4.8, 6],
			"to": [9.9, 7.6, 6.2],
			"rotation": {"angle": 0, "axis": "y", "origin": [7.9, 0, 8]},
			"faces": {
				"north": {"uv": [7.5, 1.5, 8.5, 2.20313], "texture": "#0"},
				"east": {"uv": [3, 9, 3.04688, 9.70313], "texture": "#0"},
				"south": {"uv": [2, 7.5, 3, 8.20313], "texture": "#0"},
				"west": {"uv": [3.25, 9, 3.29688, 9.70313], "texture": "#0"},
				"up": {"uv": [9.75, 6.04688, 8.75, 6], "texture": "#0"},
				"down": {"uv": [9.75, 6.25, 8.75, 6.29688], "texture": "#0"}
			}
		},
		{
			"from": [5.9, 4.8, 9.7],
			"to": [9.9, 7.6, 9.9],
			"rotation": {"angle": 0, "axis": "y", "origin": [7.9, 0, 8]},
			"faces": {
				"north": {"uv": [7.5, 2.25, 8.5, 2.95313], "texture": "#0"},
				"east": {"uv": [9, 3.5, 9.04688, 4.20313], "texture": "#0"},
				"south": {"uv": [3, 7.5, 4, 8.20313], "texture": "#0"},
				"west": {"uv": [9, 4.25, 9.04688, 4.95313], "texture": "#0"},
				"up": {"uv": [9.75, 6.54688, 8.75, 6.5], "texture": "#0"},
				"down": {"uv": [7.75, 8.75, 6.75, 8.79688], "texture": "#0"}
			}
		},
		{
			"from": [5.7, 4.8, 6.2],
			"to": [5.9, 7.6, 9.7],
			"rotation": {"angle": 0, "axis": "y", "origin": [7.9, 0, 8]},
			"faces": {
				"north": {"uv": [4.5, 9, 4.54688, 9.70313], "texture": "#0"},
				"east": {"uv": [7.5, 3, 8.375, 3.70313], "texture": "#0"},
				"south": {"uv": [4.75, 9, 4.79688, 9.70313], "texture": "#0"},
				"west": {"uv": [4, 7.5, 4.875, 8.20313], "texture": "#0"},
				"up": {"uv": [6.04688, 9.625, 6, 8.75], "texture": "#0"},
				"down": {"uv": [7.79688, 8.75, 7.75, 9.625], "texture": "#0"}
			}
		},
		{
			"from": [9.9, 4.8, 6.2],
			"to": [10.1, 7.6, 9.7],
			"rotation": {"angle": 0, "axis": "y", "origin": [7.9, 0, 8]},
			"faces": {
				"north": {"uv": [5, 9, 5.04688, 9.70313], "texture": "#0"},
				"east": {"uv": [5, 7.5, 5.875, 8.20313], "texture": "#0"},
				"south": {"uv": [9, 5, 9.04688, 5.70313], "texture": "#0"},
				"west": {"uv": [6, 7.5, 6.875, 8.20313], "texture": "#0"},
				"up": {"uv": [8.04688, 9.625, 8, 8.75], "texture": "#0"},
				"down": {"uv": [8.29688, 8.75, 8.25, 9.625], "texture": "#0"}
			}
		},
		{
			"from": [3.6, 5.9, 7.1],
			"to": [6.2, 6.9, 8.1],
			"rotation": {"angle": 22.5, "axis": "z", "origin": [5.8, 6, 8]},
			"faces": {
				"north": {"uv": [8, 6.25, 8.65625, 6.5], "texture": "#0"},
				"east": {"uv": [8.5, 8.25, 8.75, 8.5], "texture": "#0"},
				"south": {"uv": [8, 6.5, 8.65625, 6.75], "texture": "#0"},
				"west": {"uv": [8.5, 8.5, 8.75, 8.75], "texture": "#0"},
				"up": {"uv": [8.65625, 7, 8, 6.75], "texture": "#0"},
				"down": {"uv": [7.65625, 8, 7, 8.25], "texture": "#0"}
			}
		},
		{
			"from": [3.71991, 6.71104, 7.2],
			"to": [4.11991, 7.21104, 8],
			"rotation": {"angle": 22.5, "axis": "z", "origin": [5.8, 6, 8]},
			"faces": {
				"north": {"uv": [5, 10, 5.09375, 10.125], "texture": "#0"},
				"east": {"uv": [5.25, 9, 5.45313, 9.125], "texture": "#0"},
				"south": {"uv": [5.25, 10, 5.34375, 10.125], "texture": "#0"},
				"west": {"uv": [9, 5.75, 9.20313, 5.875], "texture": "#0"},
				"up": {"uv": [9.34375, 5.70313, 9.25, 5.5], "texture": "#0"},
				"down": {"uv": [9.34375, 5.75, 9.25, 5.95313], "texture": "#0"}
			}
		},
		{
			"from": [3.3, 6.6, 7.2],
			"to": [3.6, 6.9, 8],
			"rotation": {"angle": 22.5, "axis": "z", "origin": [5.8, 6, 8]},
			"faces": {
				"north": {"uv": [10.5, 4.75, 10.57813, 4.82813], "texture": "#0"},
				"east": {"uv": [9.5, 3.25, 9.70313, 3.32813], "texture": "#0"},
				"south": {"uv": [10.5, 5, 10.57813, 5.07813], "texture": "#0"},
				"west": {"uv": [9.5, 3.5, 9.70313, 3.57813], "texture": "#0"},
				"up": {"uv": [9.57813, 4.95313, 9.5, 4.75], "texture": "#0"},
				"down": {"uv": [9.57813, 5, 9.5, 5.20313], "texture": "#0"}
			}
		},
		{
			"from": [3.3, 6, 7.2],
			"to": [3.6, 6.3, 8],
			"rotation": {"angle": 22.5, "axis": "z", "origin": [5.8, 6, 8]},
			"faces": {
				"north": {"uv": [5.25, 10.5, 5.32813, 10.57813], "texture": "#0"},
				"east": {"uv": [5.25, 9.5, 5.45313, 9.57813], "texture": "#0"},
				"south": {"uv": [10.5, 5.25, 10.57813, 5.32813], "texture": "#0"},
				"west": {"uv": [9.5, 5.25, 9.70313, 5.32813], "texture": "#0"},
				"up": {"uv": [9.57813, 5.70313, 9.5, 5.5], "texture": "#0"},
				"down": {"uv": [9.57813, 5.75, 9.5, 5.95313], "texture": "#0"}
			}
		},
		{
			"from": [3.3, 6.3, 7.2],
			"to": [3.6, 6.6, 8],
			"rotation": {"angle": 22.5, "axis": "z", "origin": [5.8, 6, 8]},
			"faces": {
				"north": {"uv": [5.5, 10.5, 5.57813, 10.57813], "texture": "#0"},
				"east": {"uv": [6.25, 9.5, 6.45313, 9.57813], "texture": "#0"},
				"south": {"uv": [10.5, 5.5, 10.57813, 5.57813], "texture": "#0"},
				"west": {"uv": [6.5, 9.5, 6.70313, 9.57813], "texture": "#0"},
				"up": {"uv": [6.82813, 9.70313, 6.75, 9.5], "texture": "#0"},
				"down": {"uv": [7.07813, 9.5, 7, 9.70313], "texture": "#0"}
			}
		},
		{
			"from": [9.5, 6, 7.1],
			"to": [12.1, 7, 8.1],
			"rotation": {"angle": -22.5, "axis": "z", "origin": [9.8, 6, 8]},
			"faces": {
				"north": {"uv": [6.5, 3.5, 7.15625, 3.75], "texture": "#0"},
				"east": {"uv": [7.25, 3.5, 7.5, 3.75], "texture": "#0"},
				"south": {"uv": [8, 5.5, 8.65625, 5.75], "texture": "#0"},
				"west": {"uv": [8.25, 8.5, 8.5, 8.75], "texture": "#0"},
				"up": {"uv": [8.65625, 6, 8, 5.75], "texture": "#0"},
				"down": {"uv": [8.65625, 6, 8, 6.25], "texture": "#0"}
			}
		},
		{
			"from": [11.50845, 6.86299, 7.2],
			"to": [11.90845, 7.26299, 8],
			"rotation": {"angle": -22.5, "axis": "z", "origin": [9.8, 6, 8]},
			"faces": {
				"north": {"uv": [10.25, 1.5, 10.34375, 1.59375], "texture": "#0"},
				"east": {"uv": [9.25, 4.75, 9.45313, 4.84375], "texture": "#0"},
				"south": {"uv": [10.25, 1.75, 10.34375, 1.84375], "texture": "#0"},
				"west": {"uv": [9.25, 5, 9.45313, 5.09375], "texture": "#0"},
				"up": {"uv": [5.34375, 9.45313, 5.25, 9.25], "texture": "#0"},
				"down": {"uv": [9.34375, 5.25, 9.25, 5.45313], "texture": "#0"}
			}
		},
		{
			"from": [12.1, 6.7, 7.2],
			"to": [12.4, 7, 8],
			"rotation": {"angle": -22.5, "axis": "z", "origin": [9.8, 6, 8]},
			"faces": {
				"north": {"uv": [10.5, 3.25, 10.57813, 3.32813], "texture": "#0"},
				"east": {"uv": [6.25, 9.25, 6.45313, 9.32813], "texture": "#0"},
				"south": {"uv": [3.5, 10.5, 3.57813, 10.57813], "texture": "#0"},
				"west": {"uv": [6.5, 9.25, 6.70313, 9.32813], "texture": "#0"},
				"up": {"uv": [6.82813, 9.45313, 6.75, 9.25], "texture": "#0"},
				"down": {"uv": [7.07813, 9.25, 7, 9.45313], "texture": "#0"}
			}
		},
		{
			"from": [12.1, 6.1, 7.2],
			"to": [12.4, 6.4, 8],
			"rotation": {"angle": -22.5, "axis": "z", "origin": [9.8, 6, 8]},
			"faces": {
				"north": {"uv": [3.75, 10.5, 3.82813, 10.57813], "texture": "#0"},
				"east": {"uv": [7.25, 9.25, 7.45313, 9.32813], "texture": "#0"},
				"south": {"uv": [4, 10.5, 4.07813, 10.57813], "texture": "#0"},
				"west": {"uv": [7.5, 9.25, 7.70313, 9.32813], "texture": "#0"},
				"up": {"uv": [9.32813, 7.70313, 9.25, 7.5], "texture": "#0"},
				"down": {"uv": [8.82813, 9.25, 8.75, 9.45313], "texture": "#0"}
			}
		},
		{
			"from": [12.1, 6.4, 7.2],
			"to": [12.4, 6.7, 8],
			"rotation": {"angle": -22.5, "axis": "z", "origin": [9.8, 6, 8]},
			"faces": {
				"north": {"uv": [4.25, 10.5, 4.32813, 10.57813], "texture": "#0"},
				"east": {"uv": [9, 9.25, 9.20313, 9.32813], "texture": "#0"},
				"south": {"uv": [10.5, 4.5, 10.57813, 4.57813], "texture": "#0"},
				"west": {"uv": [9.25, 9.25, 9.45313, 9.32813], "texture": "#0"},
				"up": {"uv": [9.57813, 1.95313, 9.5, 1.75], "texture": "#0"},
				"down": {"uv": [9.57813, 2, 9.5, 2.20313], "texture": "#0"}
			}
		},
		{
			"from": [8.7, 4.1, 4.1],
			"to": [9.7, 5.1, 6.2],
			"rotation": {"angle": 0, "axis": "y", "origin": [7.8, 4.1, 6.4]},
			"faces": {
				"north": {"uv": [1.25, 8.75, 1.5, 9], "texture": "#0"},
				"east": {"uv": [2, 8.25, 2.53125, 8.5], "texture": "#0"},
				"south": {"uv": [8.75, 1.25, 9, 1.5], "texture": "#0"},
				"west": {"uv": [2.75, 8.25, 3.28125, 8.5], "texture": "#0"},
				"up": {"uv": [1, 8.78125, 0.75, 8.25], "texture": "#0"},
				"down": {"uv": [1.25, 8.25, 1, 8.78125], "texture": "#0"}
			}
		},
		{
			"from": [8.7, 4.1, 3.3],
			"to": [9.7, 6, 4.1],
			"rotation": {"angle": 0, "axis": "y", "origin": [7.8, 4.1, 6.4]},
			"faces": {
				"north": {"uv": [5.75, 4, 6, 4.46875], "texture": "#0"},
				"east": {"uv": [0.5, 8.5, 0.70313, 8.96875], "texture": "#0"},
				"south": {"uv": [5.5, 8.25, 5.75, 8.71875], "texture": "#0"},
				"west": {"uv": [8.5, 1.25, 8.70313, 1.71875], "texture": "#0"},
				"up": {"uv": [3, 8.95313, 2.75, 8.75], "texture": "#0"},
				"down": {"uv": [3.25, 8.75, 3, 8.95313], "texture": "#0"}
			}
		},
		{
			"from": [6.1, 4.1, 4.1],
			"to": [7.1, 5.1, 6.2],
			"rotation": {"angle": 0, "axis": "y", "origin": [7.8, 4.1, 6.4]},
			"faces": {
				"north": {"uv": [1.5, 8.75, 1.75, 9], "texture": "#0"},
				"east": {"uv": [3.5, 8.25, 4.03125, 8.5], "texture": "#0"},
				"south": {"uv": [8.75, 1.5, 9, 1.75], "texture": "#0"},
				"west": {"uv": [4.25, 8.25, 4.78125, 8.5], "texture": "#0"},
				"up": {"uv": [5.25, 8.78125, 5, 8.25], "texture": "#0"},
				"down": {"uv": [5.5, 8.25, 5.25, 8.78125], "texture": "#0"}
			}
		},
		{
			"from": [6.1, 4.1, 3.3],
			"to": [7.1, 6, 4.1],
			"rotation": {"angle": 0, "axis": "y", "origin": [7.8, 4.1, 6.4]},
			"faces": {
				"north": {"uv": [5.75, 8.25, 6, 8.71875], "texture": "#0"},
				"east": {"uv": [8.5, 1.75, 8.70313, 2.21875], "texture": "#0"},
				"south": {"uv": [6, 8.25, 6.25, 8.71875], "texture": "#0"},
				"west": {"uv": [8.5, 2.25, 8.70313, 2.71875], "texture": "#0"},
				"up": {"uv": [3.5, 8.95313, 3.25, 8.75], "texture": "#0"},
				"down": {"uv": [9, 3.75, 8.75, 3.95313], "texture": "#0"}
			}
		}
	],
	"display": {
		"thirdperson_righthand": {
			"rotation": [59, 0, 0],
			"scale": [0.5, 0.5, 0.5]
		},
		"thirdperson_lefthand": {
			"rotation": [39, 0, 0],
			"scale": [0.5, 0.5, 0.5]
		},
		"firstperson_righthand": {
			"translation": [0, 1, -3],
			"rotation": [0, 120, 0],
			"scale": [0.5, 0.5, 0.5]
		},
		"firstperson_lefthand": {
			"rotation": [0, 80, 0],
			"scale": [0.5, 0.5, 0.5]
		},
		"ground": {
			"translation": [0, 1, 0],
			"scale": [0.9, 0.9, 0.9]
		},
		"gui": {
			"rotation": [19, -142, 0],
			"translation": [0, -2, 0]
		},
		"head": {
			"translation": [12, -2.1, 0],
			"rotation": [0, 5, -5]
		},
		"fixed": {
			"translation": [0, -2, 0],
			"scale": [1.2, 1.2, 1.2]
		}
	},
	"groups": [
		{
			"name": "group",
			"origin": [8, 8, 8],
			"color": 0,
			"children": [
				{
					"name": "head",
					"origin": [8, 8, 8],
					"color": 0,
					"children": [0,
						{
							"name": "hair",
							"origin": [8, 8, 8],
							"color": 0,
							"children": [
								{
									"name": "hair_right",
									"origin": [8, 8, 8],
									"color": 0,
									"children": [1, 2, 3, 4]
								},
								{
									"name": "hair_left",
									"origin": [8, 8, 8],
									"color": 0,
									"children": [5, 6, 7, 8]
								},
								{
									"name": "hair_front",
									"origin": [8, 8, 8],
									"color": 0,
									"children": [9, 10, 11, 12, 13]
								},
								{
									"name": "hair_top",
									"origin": [8, 8, 8],
									"color": 0,
									"children": [14, 15]
								}
							]
						},
						{
							"name": "face",
							"origin": [8, 8, 8],
							"color": 0,
							"children": [16, 17, 18, 19, 20, 21, 22, 23, 24, 25]
						},
						{
							"name": "eyes",
							"origin": [8, 8, 8],
							"color": 0,
							"children": [26, 27, 28, 29, 30, 31, 32, 33, 34, 35, 36, 37, 38, 39, 40, 41, 42, 43, 44, 45, 46, 47, 48, 49, 50, 51, 52, 53, 54, 55, 56, 57]
						},
						{
							"name": "eyes",
							"origin": [8, 8, 8],
							"color": 0,
							"children": [58, 59, 60, 61, 62, 63, 64, 65, 66, 67, 68, 69, 70, 71, 72, 73, 74, 75, 76, 77, 78, 79, 80, 81, 82, 83, 84, 85, 86, 87, 88, 89]
						},
						{
							"name": "mouth/nose",
							"origin": [8, 8, 8],
							"color": 0,
							"children": [90, 91, 92, 93, 94, 95, 96, 97, 98, 99, 100, 101, 102, 103, 104, 105]
						}
					]
				},
				{
					"name": "body",
					"origin": [8, 8, 8],
					"color": 0,
					"children": [106, 107, 108, 109, 110,
						{
							"name": "arms",
							"origin": [7.9, 0, 8],
							"color": 0,
							"children": [
								{
									"name": "left_arm",
									"origin": [8, 8, 8],
									"color": 0,
									"children": [111, 112, 113, 114, 115]
								},
								{
									"name": "left_arm",
									"origin": [8, 8, 8],
									"color": 0,
									"children": [116, 117, 118, 119, 120]
								}
							]
						},
						{
							"name": "legs",
							"origin": [8, 8, 8],
							"color": 0,
							"children": [
								{
									"name": "right",
									"origin": [8, 8, 8],
									"color": 0,
									"children": [121, 122]
								},
								{
									"name": "left",
									"origin": [8, 8, 8],
									"color": 0,
									"children": [123, 124]
								}
							]
						}
					]
				}
			]
		}
	]
}