{
  "parent": "minecraft:item/generated",
  "textures": {
    "layer0": "minecraft:item/iron_nugget"
  },
  "overrides": [
	{
		
		"predicate": {
			"custom_model_data": 1
		},
		"model": "custom:item/level_wood"
	},
	{
		
		"predicate": {
			"custom_model_data": 2
		},
		"model": "custom:item/level_bronze"
	},
	{
		
		"predicate": {
			"custom_model_data": 3
		},
		"model": "custom:item/level_silver"
	},
	{
		
		"predicate": {
			"custom_model_data": 4
		},
		"model": "custom:item/level_gold"
	},
	{
		
		"predicate": {
			"custom_model_data": 5
		},
		"model": "custom:item/level_omega"
	},
	{
		"predicate": {
			"custom_model_data": 6
		},
		"model": "custom:item/gold_derpcoin"
	},
	{
		"predicate": {
			"custom_model_data": 7
		},
		"model": "custom:item/copper_derpcoin"
	},
	{
		"predicate": {
			"custom_model_data": 8
		},
		"model": "custom:item/iron_derpcoin"
	},
	{
		"predicate": {
			"custom_model_data": 9
		},
		"model": "custom:item/brass_derpcoin"
	},
	{
		"predicate": {
			"custom_model_data": 10
		},
		"model": "custom:item/diamond_derpcoin"
	},
        {
		"predicate": {
			"custom_model_data": 11
		},
		"model": "custom:item/stridercoin"
	},
{
		"predicate": {
			"custom_model_data": 12
		},
		"model": "custom:item/stridercoin"
	},
        {
		"predicate": {
			"custom_model_data": 13
		},
		"model": "custom:item/dirtcoin"
	},
        {
		"predicate": {
			"custom_model_data": 14
		},
		"model": "custom:item/derpcard"
	},
        {
		"predicate": {
			"custom_model_data": 15
		},
		"model": "custom:item/derpkey"
	}
  ]
}