{
  "parent": "minecraft:item/generated",
  "textures": {
    "layer0": "minecraft:item/writable_book"
  },
  "overrides": [
	{
		
		"predicate": {
			"custom_model_data": 1
		},
		"model": "custom:item/clipboard_1"
	},
	{
		
		"predicate": {
			"custom_model_data": 2
		},
		"model": "custom:item/clipboard_2"
	},
	{
		
		"predicate": {
			"custom_model_data": 3
		},
		"model": "custom:item/clipboard_3"
	},
	{
		
		"predicate": {
			"custom_model_data": 4
		},
		"model": "custom:item/book/dark_book_writable"
	},
	{
		
		"predicate": {
			"custom_model_data": 5
		},
		"model": "custom:item/book/diamond_book_writable"
	},
	{
		
		"predicate": {
			"custom_model_data": 6
		},
		"model": "custom:item/book/magic_book_writable"
	},
	{
		
		"predicate": {
			"custom_model_data": 7
		},
		"model": "custom:item/book/nature_book_writable"
	},
	{
		
		"predicate": {
			"custom_model_data": 8
		},
		"model": "custom:item/book/redstone_book_writable"
	}
  ]
}