{
	"parent": "item/generated",
	"textures": {
		"layer0": "item/nether_brick"
	},
	
	"overrides": [
		{"predicate": {"custom_model_data":1}, "model": "item/nether_brick/raw_zinc"},
		{"predicate": {"custom_model_data":2}, "model": "item/nether_brick/zinc_ingot"},
		{"predicate": {"custom_model_data":3}, "model": "item/nether_brick/raw_uranium"},
		{"predicate": {"custom_model_data":4}, "model": "item/nether_brick/uranium_ingot"},
		{"predicate": {"custom_model_data":5}, "model": "item/nether_brick/enriched_uranium_ingot"},
		{"predicate": {"custom_model_data":6}, "model": "item/nether_brick/uranium_block"}
	]
}