{
	"parent": "item/generated",
	"textures": {
		"layer0": "item/brick"
	},
	
	"overrides": [

		{"predicate": {"custom_model_data":1}, "model": "item/brick/moxite"},
		{"predicate": {"custom_model_data":2}, "model": "item/brick/raw_tin"},
		{"predicate": {"custom_model_data":3}, "model": "item/brick/tin_ingot"},
		{"predicate": {"custom_model_data":4}, "model": "item/brick/bronze_ingot"},
		{"predicate": {"custom_model_data":5}, "model": "item/brick/brass_ingot"},
		{"predicate": {"custom_model_data":6}, "model": "item/brick/runic_stone"}
	]
}