{
	"textures": {
		"0": "item/iron_nugget/warden_face",
		"1": "item/iron_nugget/warden_back",
		"2": "item/iron_nugget/warden_top",
		"3": "item/iron_nugget/warden_bottom",
		"4": "item/iron_nugget/warden_ear",
		"6": "item/iron_nugget/warden_mouth"
	},
	"elements": [
		{
			"name": "head",
			"from": [0, 0, 3],
			"to": [16, 16, 13],
			"faces": {
				"north": {"uv": [0, 0, 16, 16], "texture": "#0"},
				"east": {"uv": [0, 0, 16, 16], "texture": "#1"},
				"south": {"uv": [0, 0, 16, 16], "texture": "#1"},
				"west": {"uv": [0, 0, 10, 16], "texture": "#1"},
				"up": {"uv": [0, 0, 16, 16], "texture": "#2"},
				"down": {"uv": [0, 0, 16, 16], "texture": "#3"}
			}
		},
		{
			"name": "leftear",
			"from": [-10, 7, 8],
			"to": [0, 17, 8],
			"faces": {
				"north": {"uv": [3, 3, 13, 13], "texture": "#4"},
				"east": {"uv": [0, 0, 0, 10], "texture": "#missing"},
				"south": {"uv": [12, 3, 2, 13], "texture": "#4"},
				"west": {"uv": [0, 0, 0, 10], "texture": "#missing"},
				"up": {"uv": [0, 0, 10, 0], "texture": "#missing"},
				"down": {"uv": [0, 0, 10, 0], "texture": "#missing"}
			}
		},
		{
			"name": "rightear",
			"from": [16, 7, 8],
			"to": [26, 17, 8],
			"faces": {
				"north": {"uv": [13, 3, 3, 13], "texture": "#4"},
				"east": {"uv": [0, 0, 0, 10], "texture": "#missing"},
				"south": {"uv": [4, 3, 14, 13], "texture": "#4"},
				"west": {"uv": [0, 0, 0, 10], "texture": "#missing"},
				"up": {"uv": [0, 0, 10, 0], "texture": "#missing"},
				"down": {"uv": [0, 0, 10, 0], "texture": "#missing"}
			}
		},
		{
			"name": "mouth",
			"from": [1, 1, 4],
			"to": [15, 15, 4],
			"faces": {
				"north": {"uv": [0, 0, 12, 4], "texture": "#6"},
				"east": {"uv": [0, 0, 1, 14], "texture": "#missing"},
				"south": {"uv": [0, 0, 14, 14], "texture": "#missing"},
				"west": {"uv": [0, 0, 1, 14], "texture": "#missing"},
				"up": {"uv": [0, 0, 14, 1], "texture": "#missing"},
				"down": {"uv": [0, 0, 14, 1], "texture": "#missing"}
			}
		},
		{
			"name": "bottom",
			"from": [0.2, 0.2, 3.2],
			"to": [15.7, 1.2, 12.7],
			"faces": {
				"north": {"uv": [0, 0, 15.5, 1], "texture": "#6"},
				"east": {"uv": [0, 0, 15.5, 1], "texture": "#6"},
				"south": {"uv": [0, 0, 15.5, 1], "texture": "#6"},
				"west": {"uv": [0, 0, 15.5, 1], "texture": "#6"},
				"up": {"uv": [0, 0, 15.5, 15.5], "texture": "#6"},
				"down": {"uv": [0, 0, 15.5, 15.5], "texture": "#6"}
			}
		},
		{
			"name": "top",
			"from": [0.2, 14.8, 3.2],
			"to": [15.7, 15.8, 12.7],
			"faces": {
				"north": {"uv": [0, 0, 15.5, 1], "texture": "#6"},
				"east": {"uv": [0, 0, 15.5, 1], "texture": "#6"},
				"south": {"uv": [0, 0, 15.5, 1], "texture": "#6"},
				"west": {"uv": [0, 0, 15.5, 1], "texture": "#6"},
				"up": {"uv": [0, 0, 15.5, 15.5], "texture": "#6"},
				"down": {"uv": [0, 0, 15.5, 15.5], "texture": "#6"}
			}
		},
		{
			"name": "left",
			"from": [0.2, 0.2, 3.2],
			"to": [1.2, 15.7, 12.7],
			"faces": {
				"north": {"uv": [0, 0, 1, 15.5], "texture": "#6"},
				"east": {"uv": [0, 0, 15.5, 15.5], "texture": "#6"},
				"south": {"uv": [0, 0, 1, 15.5], "texture": "#6"},
				"west": {"uv": [0, 0, 15.5, 15.5], "texture": "#6"},
				"up": {"uv": [0, 0, 1, 15.5], "texture": "#6"},
				"down": {"uv": [0, 0, 1, 15.5], "texture": "#6"}
			}
		},
		{
			"name": "right",
			"from": [14.8, 0.2, 3.2],
			"to": [15.8, 15.7, 12.7],
			"faces": {
				"north": {"uv": [0, 0, 1, 15.5], "texture": "#6"},
				"east": {"uv": [0, 0, 15.5, 15.5], "texture": "#6"},
				"south": {"uv": [0, 0, 1, 15.5], "texture": "#6"},
				"west": {"uv": [0, 0, 15.5, 15.5], "texture": "#6"},
				"up": {"uv": [0, 0, 1, 15.5], "texture": "#6"},
				"down": {"uv": [0, 0, 1, 15.5], "texture": "#6"}
			}
		}
	],
	"display": {
		"thirdperson_righthand": {
			"translation": [0, 3.5, 0],
			"scale": [0.5, 0.5, 0.5]
		},
		"thirdperson_lefthand": {
			"translation": [0, 3.5, 0],
			"scale": [0.5, 0.5, 0.5]
		},
		"firstperson_righthand": {
			"scale": [0.6, 0.6, 0.4]
		},
		"firstperson_lefthand": {
			"scale": [0.6, 0.6, 0.4]
		},
		"ground": {
			"translation": [0, 2, 0],
			"scale": [0.6, 0.6, 0.6]
		},
		"gui": {
			"rotation": [25, 220, 0],
			"scale": [0.5, 0.5, 0.5]
		},
		"head": {
			"translation": [0, 1, -0.5],
			"scale": [1.2, 1.2, 1.39]
		},
		"fixed": {
			"translation": [0, 0, -7.5],
			"scale": [1.3, 1.3, 1.3]
		}
	}
}